Produto,CATMAT,Ano,Unidade de Medida,Nº Usuários Atendidos,Nº Dispensações,Valores,Qtd Dispensada,Valor
ACEBROFILINA 10 MG/ML XAROPE  120 ML,BR0293892U0067,2023,FRASCO,36,36,664.24,46,664.24
ACEBROFILINA 5 MG/ML XAROPE  120 ML,BR0448838U0067,2023,FRASCO,52,53,396.80,62,396.80
ACETILCISTEÍNA 20 MG/ML XAROPE  120 ML,BR0270558-3,2023,FRASCO,127,127,1.033,148,1033.04
ACETILCISTEÍNA 40 MG/ML XAROPE  120,BR0355786-1,2023,FRASCO,61,61,537.46,77,537.46
ACICLOVIR 200 MG COMPRIMIDO ELENCO ESTADUAL,BR0268370U0042,2023,COMPRIMIDO,25,25,39.28,982,39.28
ACICLOVIR 5 % CREME  10 G,BR0268375U0015,2023,BISNAGA,58,58,188.02,79,188.02
ÁCIDO ACETILSALICÍLICO  100 MG COMPRIMIDO,BR0267502U0042,2023,COMPRIMIDO,784,785,943.85,24.194,943.85
ÁCIDO ACETILSALICÍLICO  100 MG TAMPONADO COMPRIMIDO,BR0270965,2023,COMPRIMIDO,14,14,31.50,450,31.50
ÁCIDO ASCÓRBICO 200 MG/ML SOLUÇÃO ORAL 20 ML,BR0271689-1,2023,FRASCO,219,220,416.30,278,416.30
ÁCIDO ASCÓRBICO 500 MG COMPRIMIDO,BR0271691,2023,COMPRIMIDO,208,209,949.38,7.049,949.38
ÁCIDO FÓLICO 5 MG COMPRIMIDO ELENCO ESTADUAL,BR0267503U0042,2023,COMPRIMIDO,406,406,627.40,12.548,627.40
ÁCIDO VALPRÓICO (VALPROATO DE SÓDIO)  250 MG CÁPSULA,BR0267504U0041,2023,CAPSULA,91,91,2.631,6.808,2631.76
ÁCIDO VALPRÓICO (VALPROATO DE SÓDIO)  50 MG/ML XAROPE  100 ML ELENCO ESTADUAL,BR0308732U0062,2023,FRASCO,55,55,1.707,390,1707.00
ÁCIDO VALPRÓICO (VALPROATO DE SÓDIO)  500 MG COMPRIMIDO ELENCO ESTADUAL,BR0267505U0042,2023,COMPRIMIDO,96,96,4.501,6.398,4.501.96
ALBENDAZOL 40 MG/ML SUSPENSÃO ORAL  10 ML,BR0267507U0063,2023,FRASCO,139,139,1.170,646,1170.85
ALBENDAZOL 400 MG COMPRIMIDO MASTIGÁVEL,BR0267506U0042,2023,COMPRIMIDO,185,185,565.68,1.196,565.68
ALENDRONATO DE SÓDIO  70 MG COMPRIMIDO,BR0269462U0042,2023,COMPRIMIDO,260,260,338.72,954,338.72
ALOPURINOL 300 MG COMPRIMIDO,BR0267509U0042,2023,COMPRIMIDO,10,10,125.40,330,125.40
"ALPRAZOLAM 0,25 MG COMPRIMIDO",BR0271358,2023,COMPRIMIDO,76,76,313.20,2.610,313.20
"ALPRAZOLAM 0,5 MG COMPRIMIDO",BR0271357,2023,COMPRIMIDO,150,150,1.111,6.420,1.111.20
ALPRAZOLAM 1 MG COMPRIMIDO,BR0271356,2023,COMPRIMIDO,141,141,522.30,5.630,522.30
ALPRAZOLAM 2 MG COMPRIMIDO,BR0284465,2023,COMPRIMIDO,146,146,1.435,11.040,1.435.20
AMANTADINA 100 MG COMPRIMIDO ELENCO ESTADUAL,BR0268079,2023,COMPRIMIDO,15,15,544.50,570,544.50
"AMBROXOL, CLORIDRATO 3 MG/ML XAROPE  100 ML",BR0271660-1,2023,FRASCO,273,273,1.111,306,1111.20
"AMBROXOL, CLORIDRATO 6 MG/ML XAROPE  100 ML",BR0271659-1,2023,FRASCO,360,361,2.612,465,2.612.40
"AMIODARONA, CLORIDRATO 200 MG COMPRIMIDO",BR0267510U0042,2023,COMPRIMIDO,82,82,2.477,3.810,2.477.00
"AMITRIPTILINA, CLORIDRATO 25 MG COMPRIMIDO ELENCO ESTADUAL ",BR0267512U0042,2023,COMPRIMIDO,1.178,1.178,3.547,52.170,3.547.50
"AMITRIPTILINA, CLORIDRATO 75 MG COMPRIMIDO",BR0276333U0042,2023,COMPRIMIDO,16,16,247.80,510,247.80
"AMOXICILINA + CLAVULANATO DE POTÁSSIO 40+5,7 MG/ML SUSPENSÃO ORAL  70 ML",BR0281135-3,2023,FRASCO,55,55,2.845,110,2.845.70
AMOXICILINA + CLAVULANATO DE POTÁSSIO 500 MG + 125 MG COMPRIMIDO ELENCO ESTADUAL,BR0271217U0042,2023,COMPRIMIDO,37,37,2.660,702,2.660.58
AMOXICILINA + CLAVULANATO DE POTÁSSIO 875 MG + 125 MG COMPRIMIDO,BR0353333,2023,COMPRIMIDO,52,52,6.341,897,6.341.66
AMOXICILINA 50 MG/ML PÓ PARA SUSPENSÃO 60 ML,BR0271111U0110,2023,FRASCO,113,113,4.694,290,4.694.40
AMOXICILINA 500 MG CÁPSULA,BR0271089U0041,2023,CAPSULA,562,562,3.958,13.590,3.958.33
"ANLODIPINO, BESILATO 10 MG COMPRIMIDO",BR0268896U0042,2023,COMPRIMIDO,261,261,981.00,9.420,981.00
"ANLODIPINO, BESILATO 5 MG COMPRIMIDO",BR0272434U0042,2023,COMPRIMIDO,421,421,746.00,17.850,746.00
ATENOLOL 50 MG COMPRIMIDO,BR0267517U0042,2023,COMPRIMIDO,188,189,610.25,9.935,610.25
AZITROMICINA 40 MG/ML 600 MG PÓ PARA SUSPENSÃO 15 ML ELENCO ESTADUAL,BR0314517U0108,2023,FRASCO,189,189,3.839,404,3.839.26
AZITROMICINA 500 MG COMPRIMIDO ELENCO ESTADUAL,BR0267140U0042,2023,COMPRIMIDO,527,527,2.911,2.716,2.911.35
BACLOFENO 10 MG COMPRIMIDO ELENCO ESTADUAL,BR0271746,2023,COMPRIMIDO,24,24,975.08,4.296,975.08
"BETAMETASONA, DIPROPIONATO + GENTAMICINA SULFATO 0,5 + 1 MG/G CREME  30 G ",BR0270591,2023,BISNAGA,38,39,268.40,44,268.40
"BETAMETASONA, VALERATO + GENTAMICINA, SULFATO + TOLNAFTATO + CLIOQUINOL 0,5 + 1 + 10 + 10 MG/G CREME  20 G",BR0270602,2023,BISNAGA,15,15,133.35,21,133.35
"BIPERIDENO, CLORIDRATO  2 MG COMPRIMIDO ELENCO ESTADUAL ",BR0270140U0042,2023,COMPRIMIDO,263,263,3.064,12.770,3064.80
"BISOPROLOL, FUMARATO 10 MG COMPRIMIDO ",BR0362721,2023,COMPRIMIDO,18,18,609.90,570,609.90
BROMAZEPAM 3 MG COMPRIMIDO,BR0271773,2023,COMPRIMIDO,260,260,1.321,11.793,1321.38
BROMAZEPAM 6 MG COMPRIMIDO,BR0271774,2023,COMPRIMIDO,73,73,577.40,3.060,577.40
BROMOPRIDA 10 MG MG CÁPSULA,BR0269954-1,2023,CAPSULA,15,15,102.12,444,102.12
BROMOPRIDA 4 MG/ML SOLUÇÃO ORAL 20 ML,BR0269956,2023,FRASCO,59,59,98.42,74,98.42
BUDESONIDA 32 MCG/DOSE SUSPENSÃO NASAL 120 DOSES,BR0266706U0066,2023,FRASCO,77,78,1.220,80,1220.00
BUDESONIDA 50 MCG/DOSE SUSPENSÃO NASAL 120 DOSES,BR0266701U0066,2023,FRASCO,94,94,2.876,97,2.876.05
"BUPROPIONA, CLORIDRATO 150 MG COMPRIMIDO DE LIBERAÇÃO PROLONGADA",BR0268994U0042,2023,COMPRIMIDO,170,170,4.422,6.600,4.422.00
CARBAMAZEPINA  20 MG/ML SUSPENSÃO ORAL  100 ML ELENCO ESTADUAL,BR0272454U0062,2023,FRASCO,107,107,7.421,812,7421.66
CARBAMAZEPINA  200 MG COMPRIMIDO ELENCO ESTADUAL,BR0267618U0042,2023,COMPRIMIDO,207,207,2.422,13.050,2422.26
CARBAMAZEPINA  400 MG COMPRIMIDO,BR0267617U0042,2023,COMPRIMIDO,81,81,5.661,6.024,5661.70
CARBONATO DE CÁLCIO (CÁLCIO ELEMENTAR) 500 MG COMPRIMIDO ELENCO ESTADUAL,BR0270895U0042,2023,COMPRIMIDO,22,22,87.20,1.090,87.20
CARBONATO DE CÁLCIO + COLECALCIFEROL  1500 + 400 MG/ UI COMPRIMIDO,BR0296876,2023,COMPRIMIDO,104,104,2.889,6.160,2889.20
CARBONATO DE CÁLCIO + COLECALCIFEROL  500 MG + 200 UI COMPRIMIDO ELENCO ESTADUAL,BR0270893U0042,2023,COMPRIMIDO,20,20,2.256,1.200,2256.00
CARBONATO DE CÁLCIO + COLECALCIFEROL  600 MG + 400 UI COMPRIMIDO,BR0306361U0042,2023,COMPRIMIDO,16,16,179.80,920,179.80
CARBONATO DE LÍTIO 300 MG COMPRIMIDO ELENCO ESTADUAL,BR0267621U0042,2023,COMPRIMIDO,247,247,4.200,17.007,4200.37
"CARVEDILOL 12,5 MG COMPRIMIDO",BR0267564U0042,2023,COMPRIMIDO,102,102,1.726,5.940,1726.50
CARVEDILOL 25 MG  COMPRIMIDO,BR0267567U0042,2023,COMPRIMIDO,120,120,1.806,7.036,1806.20
"CARVEDILOL 3,125 MG  COMPRIMIDO",BR0267566U0042,2023,COMPRIMIDO,128,128,1.321,7.410,1321.38
"CARVEDILOL 6,25 MG  COMPRIMIDO",BR0267565U0042,2023,COMPRIMIDO,98,98,727.20,5.490,727.20
CEFALEXINA 50 MG/ML SUSPENSÃO ORAL  60 ML,BR0331555U0110,2023,FRASCO,111,111,4.272,338,4.272.74
CEFALEXINA 500 MG  CÁPSULA,BR0267625U0041,2023,CAPSULA,198,198,4.424,5.528,4.424.24
CEFALEXINA 500 MG  COMPRIMIDO,BR0267625U0042,2023,COMPRIMIDO,183,183,3.895,5.091,3.895.00
CELECOXIBE 200 MG CÁPSULA,BR0268866,2023,CAPSULA,47,47,858.00,676,858.00
"CETOCONAZOL + BETAMETASONA + NEOMICINA 20 + 0,5 + 2,5 MG/G CREME  30 G",BR0270593,2023,BISNAGA,100,100,710.08,112,710.08
CETOCONAZOL 2% CREME  20 G,BR0308736-1,2023,BISNAGA,42,42,170.50,50,170.50
CETOCONAZOL 2% CREME  30 G,BR0308736-2,2023,BISNAGA,136,136,539.76,156,539.76
CETOCONAZOL 2% XAMPU  100 ML,BR0271103U0062,2023,FRASCO,55,56,495.20,80,495.20
CETOCONAZOL 200 MG  COMPRIMIDO ELENCO ESTADUAL,BR0267151,2023,COMPRIMIDO,31,31,170.64,632,170.64
CILOSTAZOL 100 MG  COMPRIMIDO,BR0276378,2023,COMPRIMIDO,34,34,1.008,1.680,1.008.00
CILOSTAZOL 50 MG  COMPRIMIDO,BR0276377,2023,COMPRIMIDO,12,12,1.290,600,1.290.00
CINARIZINA 75 MG  COMPRIMIDO,BR0267629,2023,COMPRIMIDO,218,218,3.215,6.990,3.215.40
CIPROFIBRATO 100 mg  COMPRIMIDO,BR0308738,2023,COMPRIMIDO,173,173,2.774,5.400,2.774.40
"CIPROFLOXACINO, CLORIDRATO 500 MG  COMPRIMIDO ELENCO ESTADUAL ",BR0267632U0042,2023,COMPRIMIDO,510,510,2.745,7.892,2.745.86
CITALOPRAM 20  MG COMPRIMIDO ELENCO ESTADUAL,BR0272903,2023,COMPRIMIDO,87,87,522.00,3.480,522.00
CLARITROMICINA 500 MG  COMPRIMIDO ELENCO ESTADUAL,BR0268439U0042,2023,COMPRIMIDO,93,93,5.304,2.456,5.304.96
CLOBAZAM 10 MG  COMPRIMIDO,BR0272901,2023,COMPRIMIDO,3,3,118.80,120,118.80
CLOBAZAM 20 MG  MG COMPRIMIDO,BR0272902,2023,COMPRIMIDO,8,8,680.40,480,680.40
"CLOMIPRAMINA, CLORIDRATO 25 MG  COMPRIMIDO",BR0267522U0042,2023,COMPRIMIDO,7,7,240.00,480,240.00
"CLONAZEPAM 0,5 MG COMPRIMIDO ELENCO ESTADUAL ",BR0270118,2023,COMPRIMIDO,276,276,749.70,10.710,749.70
CLONAZEPAM 2 MG  COMPRIMIDO ELENCO ESTADUAL,BR0270119,2023,COMPRIMIDO,721,721,1.897,29.310,1.897.30
"CLONAZEPAM 2,5 MG/ML SOLUÇÃO ORAL 20 ML",BR0270120U0086,2023,FRASCO,321,321,849.05,473,849.05
"CLOPIDOGREL, BISSULFATO 75 MG  COMPRIMIDO ELENCO ESTADUAL ",BR0272045,2023,COMPRIMIDO,31,31,1.271,956,1.271.48
"CLOREXIDINA, DIGLICONATO 0,12% COLUTÓRIO 250 ML",BR0341174U0090,2023,FRASCO,22,22,209.88,22,209.88
"CLORPROMAZINA, CLORIDRATO 100 MG  COMPRIMIDO ELENCO ESTADUAL ",BR0267638U0042,2023,COMPRIMIDO,80,80,2.256,4.125,2.256.25
"CLORPROMAZINA, CLORIDRATO 25 MG  COMPRIMIDO",BR0267635U0042,2023,COMPRIMIDO,60,60,900.00,3.600,900.00
"COLAGENASE + CLORANFENICOL 0,6 UI + 10 MG/G POMADA 30 G",BR0270495-1,2023,BISNAGA,3,3,54.48,3,54.48
"COLCHICINA 0,5 MG  COMPRIMIDO",BR0267642,2023,COMPRIMIDO,12,12,194.40,720,194.40
"DEXAMETASONA  0,1 % CREME  10 G",BR0267643U0015,2023,BISNAGA,118,118,688.79,179,688.79
"DEXAMETASONA  0,1 MG/ML ELIXIR 100 ML",BR0268243U0062,2023,FRASCO,121,121,267.75,145,267.75
"DEXAMETASONA  0,1 MG/ML ELIXIR 120 ML",BR0268243U0067,2023,FRASCO,84,85,859.05,99,859.05
DEXAMETASONA  4 MG COMPRIMIDO,BR0269388U0042,2023,COMPRIMIDO,228,228,581.94,2.310,581.94
"DEXCLORFENIRAMINA, MALEATO 0,4 MG/ML SOLUÇÃO ORAL 100 ML",BR0267646U0062,2023,FRASCO,121,121,565.50,150,565.50
"DEXCLORFENIRAMINA, MALEATO 0,4 MG/ML XAROPE  100 ML",BR0298454U0062,2023,FRASCO,256,256,946.40,304,946.40
"DEXCLORFENIRAMINA, MALEATO 2 MG COMPRIMIDO",BR0267645U0042,2023,COMPRIMIDO,115,115,202.20,2.096,202.20
DIAZEPAM 10 MG COMPRIMIDO ELENCO ESTADUAL,BR0267197U0042,2023,COMPRIMIDO,323,323,992.70,14.010,992.70
DIAZEPAM 5 MG COMPRIMIDO,BR0267195U0042,2023,COMPRIMIDO,52,52,131.70,1.830,131.70
DICLOFENACO POTÁSSICO 50 MG COMPRIMIDO,BR0270992U0042,2023,COMPRIMIDO,39,39,43.74,679,43.74
DICLOFENACO SÓDICO 50 MG COMPRIMIDO,BR0271000,2023,COMPRIMIDO,91,91,214.01,1.573,214.01
"DIGOXINA  0,25 MG COMPRIMIDO",BR0267647U0042,2023,COMPRIMIDO,52,52,265.20,1.560,265.20
DIPIRONA SÓDICA  500 MG COMPRIMIDO,BR0267203U0042,2023,COMPRIMIDO,1.543,1.545,6.834,32.554,6.834.22
DIPIRONA SÓDICA  500 MG/ML SOLUÇÃO ORAL 10 ML,BR0267205U0063,2023,FRASCO,450,451,1.621,918,1.621.95
DIPIRONA SÓDICA  500 MG/ML SOLUÇÃO ORAL 20 ML,BR0267205U0086,2023,FRASCO,91,91,305.50,130,305.50
DIVALPROATO DE SÓDIO 500 MG COMPRIMIDO,BR0272589,2023,COMPRIMIDO,11,11,1.038,720,1.038.60
DOMPERIDONA 1 MG/ML SUSPENSÃO ORAL  100 ML,BR0269963,2023,FRASCO,8,8,132.72,12,132.72
DOMPERIDONA 10 MG COMPRIMIDO,BR0269962,2023,COMPRIMIDO,77,77,1.116,4.321,1.116.48
"DOXAZOSINA, MESILATO 2 MG COMPRIMIDO",BR0268493U0042,2023,COMPRIMIDO,113,113,809.10,3.690,809.10
"DOXAZOSINA, MESILATO 4 MG COMPRIMIDO",BR0268495U0042,2023,COMPRIMIDO,198,198,2.321,6.037,2.321.91
"ENALAPRIL, MALEATO 20 MG COMPRIMIDO",BR0267652U0042,2023,COMPRIMIDO,158,158,720.52,8.144,720.52
"ENALAPRIL, MALEATO 5 MG COMPRIMIDO",BR0267650U0042,2023,COMPRIMIDO,58,58,158.60,3.172,158.60
"ESCITALOPRAM, OXALATO  10 mg COMPRIMIDO",BR0291770,2023,COMPRIMIDO,619,620,5.095,24.976,5.095.50
"ESCITALOPRAM, OXALATO  20 mg COMPRIMIDO",BR0291771,2023,COMPRIMIDO,323,323,5.673,11.820,5.673.60
"ESCOPOLAMINA, BUTILBROMETO + DIPIRONA SÓDICA 10 + 250 MG COMPRIMIDO",BR0270620,2023,COMPRIMIDO,225,225,1.479,4.737,1.479.56
"ESCOPOLAMINA, BUTILBROMETO + DIPIRONA SÓDICA 6,67 + 333,4 MG/ML SOLUÇÃO ORAL 20 ML",BR0270622,2023,FRASCO,132,132,1.072,146,1.072.98
"ESCOPOLAMINA, BUTILBROMETO 10 MG/ML SOLUÇÃO ORAL 20 ML",BR0267281-1,2023,FRASCO,38,38,159.90,39,159.90
ESPIRONOLACTONA  100 MG COMPRIMIDO,BR0267654U0042,2023,COMPRIMIDO,1,1,46.80,60,46.80
ESPIRONOLACTONA  25 MG COMPRIMIDO,BR0267653U0042,2023,COMPRIMIDO,235,235,2.605,7.642,2.605.00
ESTRIOL 1 MG/G CREME VAGINAL  50 G,BR0267208U0029,2023,BISNAGA,82,82,4.007,83,4.007.24
ETORICOXIBE 90 MG COMPRIMIDO,BR0324415,2023,COMPRIMIDO,11,11,1.272,159,1.272.00
FENITOÍNA SÓDICA  100 MG COMPRIMIDO ELENCO ESTADUAL,BR0267657U0042,2023,COMPRIMIDO,115,115,1.194,8.520,1.194.30
FENOBARBITAL  100 MG COMPRIMIDO ELENCO ESTADUAL,BR0267660U0042,2023,COMPRIMIDO,363,363,3.425,21.690,3.425.70
FENOBARBITAL  40 MG/ML SOLUÇÃO ORAL 20 ML ELENCO ESTADUAL,BR0300723U0086,2023,FRASCO,38,38,439.90,106,439.90
FINASTERIDA 5 MG COMPRIMIDO,BR0275963U0042,2023,COMPRIMIDO,93,93,1.708,3.180,1.708.20
FLUCONAZOL 150 MG CÁPSULA,BR0267662U0041,2023,CAPSULA,276,277,562.59,903,562.59
"FLUOXETINA, CLORIDRATO 20 MG CÁPSULA  ELENCO ESTADUAL ",BR0273009U0041,2023,CAPSULA,518,518,2.173,24.315,2.173.50
FUROSEMIDA 40 MG COMPRIMIDO,BR0267663U0042,2023,COMPRIMIDO,246,246,812.40,8.595,812.40
GABAPENTINA 300 MG CÁPSULA  ELENCO ESTADUAL,BR0268107,2023,CAPSULA,3,3,90.00,180,90.00
GLICLAZIDA 30 MG COMPRIMIDO DE LIBERAÇÃO PROLONGADA,BR0273116U0042,2023,COMPRIMIDO,132,132,1.240,5.010,1.240.43
GLICLAZIDA 60 MG COMPRIMIDO DE LIBERAÇÃO PROLONGADA,BR0417713U0042,2023,COMPRIMIDO,147,147,2.897,5.451,2.897.94
HALOPERIDOL 1 MG COMPRIMIDO,BR0267670U0042,2023,COMPRIMIDO,5,5,153.00,900,153.00
HALOPERIDOL 2 MG/ML SOLUÇÃO ORAL 20 ML,BR0292195U0086,2023,FRASCO,21,21,139.05,45,139.05
HALOPERIDOL 5 MG COMPRIMIDO,BR0267669U0042,2023,COMPRIMIDO,52,52,710.10,2.630,710.10
HEDERA HELIX - EXTRATO SECO 7 MG/ML XAROPE  100 ML,BR0359286,2023,FRASCO,112,112,1.320,138,1.320.66
"HIDROCORTISONA, ACETATO 10 MG/G CREME  15 G",BR0345240U0017,2023,BISNAGA,15,15,125.63,17,125.63
HIDRÓXIDO DE ALUMÍNIO 60 MG/ML SUSPENSÃO ORAL  100 ML,BR0433257U0062,2023,FRASCO,67,67,480.50,109,480.50
HIDRÓXIDO DE ALUMÍNIO 60 MG/ML SUSPENSÃO ORAL  150 ML,BR0433257,2023,FRASCO,12,12,45.57,21,45.57
"HIDROXIZINA, CLORIDRATO 2 MG/ML SOLUÇÃO ORAL 120 ML",BR0394263-2,2023,MILILITRO,165,165,1.200,185,1.200.65
"HIDROXIZINA, CLORIDRATO 25 MG COMPRIMIDO",BR0273310,2023,COMPRIMIDO,7,7,189.60,240,189.60
IBUPROFENO  100 MG/ML SUSPENSÃO ORAL  20 ML,BR0332755-3,2023,FRASCO,277,277,1.818,483,1.818.41
IBUPROFENO  300 MG COMPRIMIDO,BR0267677U0042,2023,COMPRIMIDO,386,386,972.15,6.401,972.15
IBUPROFENO  50 MG/ML SUSPENSÃO ORAL  30 ML,BR0332754U0097,2023,FRASCO,233,233,540.31,243,540.31
IBUPROFENO  600 MG COMPRIMIDO,BR0267676U0042,2023,COMPRIMIDO,615,615,2.740,8.670,2.740.50
"IMIPRAMINA, CLORIDRATO 25 MG COMPRIMIDO ",BR0267292,2023,COMPRIMIDO,11,11,338.40,720,338.40
INSULINA GLARGINA 100 UI/ML SOLUÇÃO INJETÁVEL 3 ML COM SISTEMA DE APLICAÇÃO   ELENCO ESTADUAL,BR0399010,2023,UM,27,27,10.203,70,10.203.90
INSULINA HUMANA NPH 100 UI/ML SOLUÇÃO INJETÁVEL 3 ML COM SISTEMA DE APLICAÇÃO,BR0442012U0137,2023,SELO DE SEGURANÇA,703,703,31.127,2.674,31.127.26
INSULINA HUMANA NPH 100 UI/ML SUSPENSÃO INJETÁVEL 10 ML ELENCO ESTADUAL,BR0271157U0063,2023,FRASCO-AMPOLA,51,51,710.71,71,710.71
INSULINA HUMANA REGULAR 100 UI/ML SOLUÇÃO INJETÁVEL 10 ML ELENCO ESTADUAL,BR0271154U0063,2023,FRASCO-AMPOLA,35,35,490.10,41,490.10
INSULINA HUMANA REGULAR 100 UI/ML SOLUÇÃO INJETÁVEL 3 ML COM SISTEMA DE APLICAÇÃO,BR0442011U0137,2023,UN,283,283,7.948,680,7.948.00
INSULINA LISPRO 100 UI/ML SOLUÇÃO INJETÁVEL 3 ML COM SISTEMA DE APLICAÇÃO ELENCO ESTADUAL,BR0405998,2023,UM,7,7,1.083,19,1.083.00
"IPRATRÓPIO, BROMETO  0,25 MG/ML SOLUÇÃO PARA INALAÇÃO 20 ML ELENCO ESTADUAL ",BR0268331U0086,2023,FRASCO,44,44,40.15,55,40.15
"ISOSSORBIDA, MONONITRATO 20 MG COMPRIMIDO",BR0273400U0042,2023,COMPRIMIDO,66,66,1.221,4.620,1.221.50
ITRACONAZOL 100 MG CÁPSULA,BR0268861U0041,2023,CAPSULA,11,11,390.50,355,390.50
"IVABRADINA, CLORIDRATO 5 MG COMPRIMIDO",BR0400853,2023,COMPRIMIDO,32,32,3.849,1.492,3.849.36
IVERMECTINA 6 MG COMPRIMIDO,BR0273328U0042,2023,COMPRIMIDO,99,99,1.240,388,1.240.75
LACTULOSE 667 MG/ML SOLUÇÃO ORAL  120 ML,BR0305247-1,2023,FRASCO,96,96,1.574,215,1.574.89
LAMOTRIGINA 100 MG COMPRIMIDO ELENCO ESTADUAL,BR0272809,2023,COMPRIMIDO,36,36,936.00,1.920,936.00
LAMOTRIGINA 25 MG COMPRIMIDO,BR0295040,2023,COMPRIMIDO,4,4,86.40,270,86.40
LAMOTRIGINA 50 MG COMPRIMIDO,BR0324414,2023,COMPRIMIDO,40,40,808.50,2.100,808.50
LEVODOPA + CARBIDOPA  250 + 25 MG COMPRIMIDO ELENCO ESTADUAL,BR0270130U0042,2023,COMPRIMIDO,11,11,514.20,420,514.20
LEVOFLOXACINO 500 MG COMPRIMIDO ELENCO ESTADUAL,BR0305270U0042,2023,COMPRIMIDO,40,40,412.00,515,412.00
LEVOMEPROMAZINA 100 MG COMPRIMIDO,BR0268129,2023,COMPRIMIDO,26,26,1.344,1.920,1.344.00
LEVOMEPROMAZINA 25 MG COMPRIMIDO,BR0268128,2023,COMPRIMIDO,40,40,972.00,2.430,972.00
LEVOMEPROMAZINA 40 MG/ML SOLUÇÃO ORAL 20 ML,BR0268130U0086,2023,FRASCO,63,63,980.00,98,980.00
LEVOTIROXINA SÓDICA 100 MCG COMPRIMIDO ELENCO ESTADUAL,BR0268125U0042,2023,COMPRIMIDO,164,164,6.038,5.631,6.038.25
LEVOTIROXINA SÓDICA 50 MCG COMPRIMIDO ELENCO ESTADUAL,BR0268123U0042,2023,COMPRIMIDO,134,134,5.957,4.170,5.957.70
"LIDOCAÍNA, CLORIDRATO 20 MG/G GEL 30 G",BR0269846U0023,2023,BISNAGA,20,20,537.20,182,537.20
LORATADINA 1 MG/ML XAROPE  100 ML,BR0273467U0062,2023,FRASCO,229,230,651.17,247,651.17
LORATADINA 10 MG COMPRIMIDO,BR0273466U0042,2023,COMPRIMIDO,365,365,487.29,3.147,487.29
LORAZEPAM 2 MG COMPRIMIDO,BR0273473,2023,COMPRIMIDO,42,42,664.80,1.840,664.80
LOSARTANA POTÁSSICA 50 MG COMPRIMIDO,BR0268856U0042,2023,COMPRIMIDO,4,4,21.90,270,21.90
MELOXICAM 15 MG COMPRIMIDO,BR0273554,2023,COMPRIMIDO,276,276,288.88,2.796,288.88
"MEMANTINA, CLORIDRATO 10 MG COMPRIMIDO ELENCO ESTADUAL ",BR0273221,2023,COMPRIMIDO,93,93,2.066,3.690,2.066.40
METILDOPA  250 MG COMPRIMIDO,BR0267689U0042,2023,COMPRIMIDO,25,25,1.578,1.830,1.578.60
METILDOPA  500 MG COMPRIMIDO,BR0267688,2023,COMPRIMIDO,3,3,58.80,120,58.80
"METOCLOPRAMIDA, CLORIDRATO 10 MG COMPRIMIDO",BR0267312U0042,2023,COMPRIMIDO,8,8,96.74,154,96.74
"METOCLOPRAMIDA, CLORIDRATO 4 MG/ML SOLUÇÃO ORAL 10 ML",BR0267311U0063,2023,FRASCO,8,8,18.40,8,18.40
"METOPROLOL, SUCCINATO 100 MG COMPRIMIDO DE LIBERAÇÃO PROLONGADA",BR0276658U0042,2023,COMPRIMIDO,35,35,1.425,1.470,1.425.90
"METOPROLOL, SUCCINATO 25 MG COMPRIMIDO DE LIBERAÇÃO PROLONGADA",BR0276656U0042,2023,COMPRIMIDO,134,134,2.682,7.050,2.682.30
"METOPROLOL, SUCCINATO 50 MG COMPRIMIDO DE LIBERAÇÃO PROLONGADA",BR0276657U0042,2023,COMPRIMIDO,126,126,4.804,6.240,4.804.80
METRONIDAZOL (BENZOILMETRONIDAZOL) 40 MG/ML SUSPENSÃO ORAL  120 ML,BR0266863U0067,2023,FRASCO,14,14,168.00,20,168.00
METRONIDAZOL 100 MG/G CREME VAGINAL  50 G,BR0345300,2023,BISNAGA,226,226,1.995,300,1.995.00
METRONIDAZOL 250 MG COMPRIMIDO,BR0267717U0042,2023,COMPRIMIDO,85,86,362.70,2.205,362.70
METRONIDAZOL 400 MG COMPRIMIDO,BR0268499U0042,2023,COMPRIMIDO,5,5,13.32,74,13.32
"MICONAZOL, NITRATO 2 % CREME  30 G",BR0268286U0023,2023,BISNAGA,9,9,19.26,9,19.26
"MICONAZOL, NITRATO 2 % CREME VAGINAL  80 G",BR0268162U0031,2023,BISNAGA,286,287,2.074,357,2.074.17
MIKANIA GLOMERATA (GUACO) 35 MG/ML XAROPE  100 ML,BR0433940U0062,2023,FRASCO,18,18,81.03,37,81.03
NEOMICINA + BACITRACINA 5 + 250 MG + UI/G POMADA 10 G,BR0273167-1,2023,BISNAGA,172,173,648.54,270,648.54
NIFEDIPINO 10 MG COMPRIMIDO,BR0267728U0042,2023,COMPRIMIDO,28,28,346.20,1.680,346.20
NIFEDIPINO 20 MG COMPRIMIDO DE LIBERAÇÃO PROLONGADA,BR0267731-1,2023,COMPRIMIDO,10,10,115.20,480,115.20
NIFEDIPINO 20 MG COMPRIMIDO ELENCO ESTADUAL,BR0267729,2023,COMPRIMIDO,84,84,1.204,5.070,1.204.60
NIMESULIDA 100 MG COMPRIMIDO,BR0273710,2023,COMPRIMIDO,738,738,1.221,9.292,1.221.76
NISTATINA + ÓXIDO DE ZINCO 100.000 + 200 UI + MG/G CREME  40 G,BR0279297-1,2023,BISNAGA,78,78,610.79,103,610.79
NISTATINA + ÓXIDO DE ZINCO 100.000 + 200 UI + MG/G CREME  60 G,BR0279297-2,2023,BISNAGA,93,93,1.307,124,1.307.32
NISTATINA 100.000 UI/ML SUSPENSÃO ORAL  30 ML,BR0267378U0097,2023,FRASCO,23,23,435.46,42,435.46
NISTATINA 100.000 UI/ML SUSPENSÃO ORAL  50  ML,BR0267378U0105,2023,FRASCO,4,4,194.35,13,194.35
NISTATINA 25.000 UI/G CREME VAGINAL  50 G,BR0266788-1,2023,BISNAGA,92,92,1.223,100,1.223.00
NISTATINA 25.000 UI/G CREME VAGINAL  60 G,BR0266788-2,2023,BISNAGA,90,91,388.08,99,388.08
NITROFURANTOÍNA 100 MG CÁPSULA,BR0268273U0041,2023,CAPSULA,115,115,1.372,3.051,1.372.95
NORFLOXACINO 400 MG COMPRIMIDO,BR0268851,2023,COMPRIMIDO,39,39,361.66,594,361.66
"NORTRIPTILINA, CLORIDRATO 25 MG CÁPSULA ",BR0271606U0041,2023,CAPSULA,177,177,2.943,7.060,2.943.26
OLANZAPINA 10 MG COMPRIMIDO ELENCO ESTADUAL,BR0271621,2023,COMPRIMIDO,16,16,318.60,540,318.60
OLANZAPINA 5 MG COMPRIMIDO ELENCO ESTADUAL,BR0271620,2023,COMPRIMIDO,5,5,89.40,180,89.40
ÓLEO MINERAL (PETROLATO) SOLUÇÃO ORAL 100 ML,BR0233632U0062,2023,FRASCO,64,64,508.35,96,508.35
OMEPRAZOL 20 MG CÁPSULA  ELENCO ESTADUAL,BR0267712U0041,2023,CAPSULA,260,261,2.054,10.478,2.054.64
OMEPRAZOL 40 MG CÁPSULA,BR0267713U0041,2023,CAPSULA,128,128,1.277,4.236,1.277.88
"ONDANSETRONA, CLORIDRATO 4 MG COMPRIMIDO",BR0268506U0042,2023,COMPRIMIDO,78,78,1.088,1.134,1.088.64
OXCARBAZEPINA 300 MG COMPRIMIDO ELENCO ESTADUAL,BR0273257,2023,COMPRIMIDO,99,99,6.312,7.890,6.312.00
PANTOPRAZOL 20 MG COMPRIMIDO ELENCO ESTADUAL,BR0268848,2023,COMPRIMIDO,7,7,67.20,420,67.20
PANTOPRAZOL 40 MG COMPRIMIDO,BR0267892,2023,COMPRIMIDO,119,119,838.80,4.194,838.80
PARACETAMOL  200 MG/ML SOLUÇÃO ORAL 10 ML,BR0267777U0063,2023,FRASCO,37,37,127.33,74,127.33
PARACETAMOL  200 MG/ML SOLUÇÃO ORAL 15 ML,BR0267777U0075,2023,FRASCO,73,73,130.34,133,130.34
PARACETAMOL  500 MG COMPRIMIDO,BR0267778U0042,2023,COMPRIMIDO,246,246,541.31,4.921,541.31
PARACETAMOL  750 MG COMPRIMIDO,BR0267779,2023,COMPRIMIDO,179,179,345.51,3.141,345.51
"PARACETAMOL + CODEÍNA, FOSFATO 500 MG + 30 MG COMPRIMIDO ELENCO ESTADUAL ",BR0270907,2023,COMPRIMIDO,295,295,3.274,6.965,3.274.22
"PAROXETINA, CLORIDRATO 20 MG COMPRIMIDO",BR0273940,2023,COMPRIMIDO,336,336,2.868,13.040,2.868.80
PERICIAZINA 10 MG/ML SOLUÇÃO ORAL 20 ML,BR0300988,2023,FRASCO,4,4,44.16,4,44.16
PERMETRINA 10 MG/ML LOÇÃO 60 ML,BR0267773U0110,2023,FRASCO,28,28,86.02,46,86.02
PERMETRINA 50 MG/ML LOÇÃO 60 ML,BR0363597U0110,2023,FRASCO,103,103,585.60,183,585.60
"POLIMIXINA B + NEOMICINA + FLUOCINOLONA + LIDOCAÍNA 10.000 UI + 3,5 + 0,25 + 20 MG/ML SOLUÇÃO OTOLÓGICA 10 ML",BR0380865U0063,2023,FRASCO,35,35,240.48,48,240.48
PREDNISOLONA 3 MG/ML SOLUÇÃO ORAL 60 ML,BR0268150U0110,2023,FRASCO,419,420,3.735,557,3.735.93
PREDNISONA  20 MG COMPRIMIDO ELENCO ESTADUAL,BR0267743U0042,2023,COMPRIMIDO,322,322,1.471,3.836,1.471.36
PREDNISONA  5 MG COMPRIMIDO ELENCO ESTADUAL,BR0267741U0042,2023,COMPRIMIDO,114,114,282.45,2.306,282.45
"PROMETAZINA, CLORIDRATO 25 MG COMPRIMIDO",BR0267768U0042,2023,COMPRIMIDO,17,17,86.80,620,86.80
"QUETIAPINA, FUMARATO 100 MG COMPRIMIDO ELENCO ESTADUAL ",BR0272832,2023,COMPRIMIDO,19,19,1.018,1.410,1.018.10
"QUETIAPINA, FUMARATO 50 MG COMPRIMIDO DE LIBERAÇÃO PROLONGADA",BR0390005,2023,CAPSULA,2,2,85.20,60,85.20
"QUETIAPINA, HEMIFUMARATO 25 MG COMPRIMIDO",BR0272831-1,2023,COMPRIMIDO,175,175,1.642,8.210,1.642.00
RISPERIDONA 1 MG COMPRIMIDO ELENCO ESTADUAL,BR0272839,2023,COMPRIMIDO,393,393,1.517,13.200,1.517.40
RISPERIDONA 1 MG/ML SOLUÇÃO ORAL  30 ML,BR0284106,2023,FRASCO,134,134,3.512,290,3.512.06
RISPERIDONA 2 MG COMPRIMIDO ELENCO ESTADUAL,BR0268149,2023,COMPRIMIDO,364,364,2.488,17.490,2.488.05
RISPERIDONA 3 MG COMPRIMIDO ELENCO ESTADUAL,BR0284105,2023,COMPRIMIDO,74,74,801.90,3.960,801.90
ROSUVASTATINA CÁLCICA 10 MG COMPRIMIDO,BR0282881,2023,COMPRIMIDO,19,19,256.65,690,256.65
ROSUVASTATINA CÁLCICA 20 MG COMPRIMIDO,BR0282882,2023,COMPRIMIDO,30,30,775.44,1.038,775.44
"SAIS PARA REIDRATAÇÃO ORAL (NaCl 3,5G + Glicose 20G + Citrato Na 2,9G + KCl 1,5G)                                 27,9 G PÓ PARA SOLUÇÃO",BR0268390U0052,2023,ENVELOPE,45,45,98.31,113,98.31
"SALBUTAMOL, SULFATO 0,4 MG/ML XAROPE  100 ML ",BR0292331-1,2023,FRASCO,1,1,2.42,2,2.42
SECNIDAZOL 1.000 MG COMPRIMIDO,BR0268299,2023,COMPRIMIDO,211,211,1.165,823,1.165.55
"SERTRALINA, CLORIDRATO 50 MG COMPRIMIDO ELENCO ESTADUAL ",BR0272365,2023,COMPRIMIDO,439,439,2.606,18.616,2.606.20
SIMETICONA 75 MG/ML SOLUÇÃO ORAL 15 ML,BR0412965,2023,FRASCO,10,10,42.90,11,42.90
SIMETICONA 75 MG/ML SUSPENSÃO ORAL  10 ML,BR0412965-1,2023,FRASCO,396,396,1.934,683,1.934.66
SULFADIAZINA DE PRATA 1% CREME  30 G,BR0272089U0023,2023,BISNAGA,24,24,220.32,34,220.32
SULFADIAZINA DE PRATA 1% CREME  50 G,BR0272089U0029,2023,BISNAGA,2,2,8.58,2,8.58
SULFAMETOXAZOL + TRIMETOPRIMA  40 + 8 MG/ML SUSPENSÃO ORAL  100 ML ELENCO ESTADUAL,BR0308884U0062,2023,FRASCO,61,61,298.40,80,298.40
SULFAMETOXAZOL + TRIMETOPRIMA  400 + 80 MG COMPRIMIDO ELENCO ESTADUAL,BR0308882U0042,2023,COMPRIMIDO,27,27,228.80,572,228.80
SULFAMETOXAZOL + TRIMETOPRIMA  800 + 160 MG COMPRIMIDO,BR0308883,2023,COMPRIMIDO,21,21,137.28,352,137.28
SULFATO FERROSO (25MG/ML DE FERRO ELEMENTAR) 125 MG/ML SOLUÇÃO ORAL 30 ML ELENCO ESTADUAL,BR0292345U0097,2023,FRASCO,97,97,111.20,139,111.20
SULFATO FERROSO (40MG DE FERRO ELEMENTAR) COMPRIMIDO ELENCO ESTADUAL,BR0292344U0042,2023,COMPRIMIDO,584,584,875.75,25.515,875.75
TENOXICAM 20 MG COMPRIMIDO,BR0268531,2023,COMPRIMIDO,64,64,475.80,1.220,475.80
TIABENDAZOL 50 MG/G POMADA 30 G,BR0267418 -2,2023,BISNAGA,13,13,159.25,13,159.25
"TIAMINA, CLORIDRATO 300 MG COMPRIMIDO",BR0272341U0042,2023,COMPRIMIDO,14,14,139.50,450,139.50
"TIMOLOL, MALEATO 0,5 % SOLUÇÃO OFTÁLMICA 5 ML ELENCO ESTADUAL ",BR0272581,2023,FRASCO,2,2,10.89,3,10.89
TOPIRAMATO 25 MG COMPRIMIDO ELENCO ESTADUAL,BR0272849,2023,COMPRIMIDO,75,75,565.20,2.880,565.20
TOPIRAMATO 50 MG COMPRIMIDO ELENCO ESTADUAL,BR0272850,2023,COMPRIMIDO,85,85,660.00,3.300,660.00
"TRAMADOL, CLORIDRATO 50 MG CÁPSULA ",BR0268534-1,2023,CAPSULA,245,245,2.953,8.951,2.953.83
"TRAZODONA, CLORIDRATO 50 MG COMPRIMIDO ",BR0276948,2023,COMPRIMIDO,80,80,1.818,3.150,1.818.00
"TRIANCINOLONA, ACETONIDA 1 MG/G ORABASE 10 G",BR0326010U0015,2023,BISNAGA,43,43,146.08,44,146.08
TRIMETAZIDINA DICLORIDRATO  35 MG COMP DE LIB PROL,BR0480080,2023,COMPRIMIDO,27,27,1.969,1.470,1.969.80
"VITAMINAS DO COMPLEXO B (B1,B2,B3,B5,B6)  SOLUÇÃO ORAL 100  ML",BR0368499,2023,FRASCO,30,30,154.47,57,154.47
"VITAMINAS DO COMPLEXO B (B1,B2,B3,B6,B12) SOLUÇÃO ORAL  20 ML ",BR0272092-1,2023,FRASCO,26,26,166.92,52,166.92
"VITAMINAS DO COMPLEXO B (B1,B2,B3,B6,B12) SOLUÇÃO ORAL 100 ML",BR0272092-2,2023,FRASCO,8,8,54.12,11,54.12
"VITAMINAS DO COMPLEXO B, B1, B2, B3, B5, B6, B12 COMPRIMIDO",BR0437109,2023,COMPRIMIDO,457,458,864.10,16.850,864.10
ACEBROFILINA 5 MG/ML XAROPE  120 ML,BR0448838U0067,2022,FRASCO,91,91,778.96,120,778.96
ACECLOFENACO 100 MG COMPRIMIDO,BR0271666,2022,COMPRIMIDO,1,1,3.40,10,3.40
ACICLOVIR 200 MG COMPRIMIDO ELENCO ESTADUAL,BR0268370U0042,2022,COMPRIMIDO,10,10,139.11,381,139.11
ACICLOVIR 5 % CREME  10 G,BR0268375U0015,2022,BISNAGA,38,38,214.92,46,214.92
ÁCIDO ACETILSALICÍLICO  100 MG COMPRIMIDO,BR0267502U0042,2022,COMPRIMIDO,661,661,1.015,20.301,1.015.05
ÁCIDO ASCÓRBICO 200 MG/ML SOLUÇÃO ORAL 20 ML,BR0271689-1,2022,FRASCO,154,154,289.42,227,289.42
ÁCIDO ASCÓRBICO 500 MG COMPRIMIDO,BR0271691,2022,COMPRIMIDO,391,391,1.534,12.082,1.534.70
ÁCIDO FÓLICO 5 MG COMPRIMIDO ELENCO ESTADUAL,BR0267503U0042,2022,COMPRIMIDO,335,335,594.20,10.384,594.20
ÁCIDO VALPRÓICO (VALPROATO DE SÓDIO)  250 MG CÁPSULA,BR0267504U0041,2022,CAPSULA,69,69,1.324,4.110,1.324.77
ÁCIDO VALPRÓICO (VALPROATO DE SÓDIO)  50 MG/ML XAROPE  100 ML ELENCO ESTADUAL,BR0308732U0062,2022,FRASCO,44,44,985.22,225,985.22
ÁCIDO VALPRÓICO (VALPROATO DE SÓDIO)  500 MG COMPRIMIDO ELENCO ESTADUAL,BR0267505U0042,2022,COMPRIMIDO,149,149,6.606,11.797,6.606.32
ALBENDAZOL 40 MG/ML SUSPENSÃO ORAL  10 ML,BR0267507U0063,2022,FRASCO,171,171,472.29,447,472.29
ALBENDAZOL 400 MG COMPRIMIDO MASTIGÁVEL,BR0267506U0042,2022,COMPRIMIDO,97,97,105.11,297,105.11
ALENDRONATO DE SÓDIO  70 MG COMPRIMIDO,BR0269462U0042,2022,COMPRIMIDO,73,73,55.16,197,55.16
ALOPURINOL 100 MG COMPRIMIDO,BR0267508U0042,2022,COMPRIMIDO,1,1,9.84,60,9.84
"ALPRAZOLAM 0,25 MG COMPRIMIDO",BR0271358,2022,COMPRIMIDO,66,66,1.130,2.220,1.130.16
"ALPRAZOLAM 0,5 MG COMPRIMIDO",BR0271357,2022,COMPRIMIDO,249,249,942.00,9.420,942.00
ALPRAZOLAM 1 MG COMPRIMIDO,BR0271356,2022,COMPRIMIDO,216,216,818.10,9.090,818.10
ALPRAZOLAM 2 MG COMPRIMIDO,BR0284465,2022,COMPRIMIDO,198,198,1.193,9.180,1.193.40
AMANTADINA 100 MG COMPRIMIDO ELENCO ESTADUAL,BR0268079,2022,COMPRIMIDO,17,17,1.065,1.110,1.065.60
"AMBROXOL, CLORIDRATO 3 MG/ML XAROPE  100 ML",BR0271660-1,2022,FRASCO,254,255,608.30,294,608.30
"AMBROXOL, CLORIDRATO 6 MG/ML XAROPE  100 ML",BR0271659-1,2022,FRASCO,151,151,591.58,214,591.58
"AMIODARONA, CLORIDRATO 200 MG COMPRIMIDO",BR0267510U0042,2022,COMPRIMIDO,32,32,1.048,1.380,1.048.80
"AMITRIPTILINA, CLORIDRATO 25 MG COMPRIMIDO ELENCO ESTADUAL ",BR0267512U0042,2022,COMPRIMIDO,1.212,1.212,4.855,53.955,4.855.95
"AMITRIPTILINA, CLORIDRATO 75 MG COMPRIMIDO",BR0276333U0042,2022,COMPRIMIDO,10,10,159.60,420,159.60
"AMOXICILINA + CLAVULANATO DE POTÁSSIO 40+5,7 MG/ML SUSPENSÃO ORAL  70 ML",BR0281135-3,2022,FRASCO,3,3,137.40,6,137.40
AMOXICILINA 50 MG/ML PÓ PARA SUSPENSÃO 60 ML,BR0271111U0110,2022,FRASCO,75,75,589.83,180,589.83
AMOXICILINA 500 MG CÁPSULA,BR0271089U0041,2022,CAPSULA,470,470,1.690,10.565,1.690.40
"ANLODIPINO, BESILATO 10 MG COMPRIMIDO",BR0268896U0042,2022,COMPRIMIDO,304,304,1.033,10.699,1.033.08
"ANLODIPINO, BESILATO 5 MG COMPRIMIDO",BR0272434U0042,2022,COMPRIMIDO,407,408,882.80,17.250,882.80
ATENOLOL 50 MG COMPRIMIDO,BR0267517U0042,2022,COMPRIMIDO,195,195,871.30,10.450,871.30
AZITROMICINA 40 MG/ML 600 MG PÓ PARA SUSPENSÃO 15 ML ELENCO ESTADUAL,BR0314517U0108,2022,FRASCO,116,116,2.138,276,2.138.04
AZITROMICINA 500 MG COMPRIMIDO ELENCO ESTADUAL,BR0267140U0042,2022,COMPRIMIDO,562,564,6.397,3.008,6.397.10
BACLOFENO 10 MG COMPRIMIDO ELENCO ESTADUAL,BR0271746,2022,COMPRIMIDO,20,20,579.20,3.600,579.20
"BETAMETASONA, DIPROPIONATO + GENTAMICINA SULFATO 0,5 + 1 MG/G CREME  30 G ",BR0270591,2022,BISNAGA,1,1,45.571,1,"45.571,00"
"BIPERIDENO, CLORIDRATO  2 MG COMPRIMIDO ELENCO ESTADUAL ",BR0270140U0042,2022,COMPRIMIDO,237,237,3.211,13.380,3.211.20
BROMAZEPAM 3 MG COMPRIMIDO,BR0271773,2022,COMPRIMIDO,283,283,1.425,12.960,1.425.60
BROMAZEPAM 6 MG COMPRIMIDO,BR0271774,2022,COMPRIMIDO,113,113,656.55,4.337,656.55
"BROMEXINA, CLORIDRATO 0,8 MG/ML XAROPE  120 ML ",BR0269822,2022,FRASCO,2,2,15.00,3,15.00
BROMOPRIDA 10 MG MG CÁPSULA,BR0269954-1,2022,CAPSULA,50,50,415.22,1.548,415.22
BROMOPRIDA 4 MG/ML SOLUÇÃO ORAL 20 ML,BR0269956,2022,FRASCO,16,16,27.93,21,27.93
"BUPROPIONA, CLORIDRATO 150 MG COMPRIMIDO DE LIBERAÇÃO PROLONGADA",BR0268994U0042,2022,COMPRIMIDO,95,95,2.894,4.320,2.894.40
CARBAMAZEPINA  20 MG/ML SUSPENSÃO ORAL  100 ML ELENCO ESTADUAL,BR0272454U0062,2022,FRASCO,101,101,7.282,789,7.282.47
CARBAMAZEPINA  200 MG COMPRIMIDO ELENCO ESTADUAL,BR0267618U0042,2022,COMPRIMIDO,411,411,4.077,27.180,4.077.00
CARBAMAZEPINA  400 MG COMPRIMIDO,BR0267617U0042,2022,COMPRIMIDO,93,93,3.705,7.719,3.705.12
CARBONATO DE CÁLCIO (CÁLCIO ELEMENTAR) 500 MG COMPRIMIDO ELENCO ESTADUAL,BR0270895U0042,2022,COMPRIMIDO,11,11,69.60,870,69.60
CARBONATO DE CÁLCIO + COLECALCIFEROL  600 MG + 400 UI COMPRIMIDO,BR0306361U0042,2022,COMPRIMIDO,68,68,448.80,4.080,448.80
CARBONATO DE LÍTIO 300 MG COMPRIMIDO ELENCO ESTADUAL,BR0267621U0042,2022,COMPRIMIDO,403,403,12.693,29.520,12.693.60
"CARVEDILOL 12,5 MG COMPRIMIDO",BR0267564U0042,2022,COMPRIMIDO,78,78,688.05,4.665,688.05
CARVEDILOL 25 MG  COMPRIMIDO,BR0267567U0042,2022,COMPRIMIDO,43,43,558.90,2.430,558.90
"CARVEDILOL 3,125 MG  COMPRIMIDO",BR0267566U0042,2022,COMPRIMIDO,45,45,425.07,2.440,425.07
"CARVEDILOL 6,25 MG  COMPRIMIDO",BR0267565U0042,2022,COMPRIMIDO,82,82,633.40,4.430,633.40
CEFALEXINA 500 MG  CÁPSULA,BR0267625U0041,2022,CAPSULA,423,423,3.861,11.702,3.861.66
CEFALEXINA 500 MG  COMPRIMIDO,BR0267625U0042,2022,COMPRIMIDO,152,152,1.940,4.432,1.940.96
CELECOXIBE 200 MG CÁPSULA,BR0268866,2022,CAPSULA,24,24,405.00,450,405.00
"CETOCONAZOL + BETAMETASONA + NEOMICINA 20 + 0,5 + 2,5 MG POMADA 30 G",BR0449186U0023,2022,BISNAGA,2,2,48.74,4,48.74
"CETOCONAZOL + BETAMETASONA 0,5 + 20 MCG/G CREME  30 G",BR0284114U0023,2022,BISNAGA,2,2,24.80,2,24.80
CETOCONAZOL 2% CREME  30 G,BR0308736-2,2022,BISNAGA,203,204,950.97,289,950.97
CETOCONAZOL 2% XAMPU  100 ML,BR0271103U0062,2022,FRASCO,29,29,265.00,50,265.00
CETOCONAZOL 200 MG  COMPRIMIDO ELENCO ESTADUAL,BR0267151,2022,COMPRIMIDO,40,40,210.97,739,210.97
"CICLOBENZAPRINA, CLORIDRATO 10 MG COMPRIMIDO",BR0282313,2022,COMPRIMIDO,28,28,85.58,389,85.58
CILOSTAZOL 100 MG  COMPRIMIDO,BR0276378,2022,COMPRIMIDO,22,22,1.006,1.140,1.006.24
CILOSTAZOL 50 MG  COMPRIMIDO,BR0276377,2022,COMPRIMIDO,8,8,118.80,360,118.80
CINARIZINA 75 MG  COMPRIMIDO,BR0267629,2022,COMPRIMIDO,120,120,1.052,4.130,1.052.20
CIPROFIBRATO 100 mg  COMPRIMIDO,BR0308738,2022,COMPRIMIDO,61,61,851.40,1.980,851.40
"CIPROFLOXACINO, CLORIDRATO 500 MG  COMPRIMIDO ELENCO ESTADUAL ",BR0267632U0042,2022,COMPRIMIDO,614,614,2.493,9.234,2.493.18
CITALOPRAM 20  MG COMPRIMIDO ELENCO ESTADUAL,BR0272903,2022,COMPRIMIDO,89,90,961.60,3.450,961.60
CLARITROMICINA 500 MG  COMPRIMIDO ELENCO ESTADUAL,BR0268439U0042,2022,COMPRIMIDO,23,23,1.996,650,1.996.20
"CLINDAMICINA, CLORIDRATO 300 MG CÁPSULA ",BR0268436U0041,2022,CAPSULA,14,14,520.00,520,520.00
CLOBAZAM 10 MG  COMPRIMIDO,BR0272901,2022,COMPRIMIDO,2,2,71.10,90,71.10
CLOBAZAM 20 MG  MG COMPRIMIDO,BR0272902,2022,COMPRIMIDO,8,8,679.20,480,679.20
"CLOMIPRAMINA, CLORIDRATO 25 MG  COMPRIMIDO",BR0267522U0042,2022,COMPRIMIDO,3,3,45.00,90,45.00
"CLONAZEPAM 0,5 MG COMPRIMIDO ELENCO ESTADUAL ",BR0270118,2022,COMPRIMIDO,314,314,1.002,11.775,1.002.75
CLONAZEPAM 2 MG  COMPRIMIDO ELENCO ESTADUAL,BR0270119,2022,COMPRIMIDO,1.404,1.405,3.673,58.426,3.673.90
"CLONAZEPAM 2,5 MG/ML SOLUÇÃO ORAL 20 ML",BR0270120U0086,2022,FRASCO,343,343,841.50,495,841.50
"CLOPIDOGREL, BISSULFATO 75 MG  COMPRIMIDO ELENCO ESTADUAL ",BR0272045,2022,COMPRIMIDO,63,63,1.190,1.777,1.190.48
"CLORPROMAZINA, CLORIDRATO 100 MG  COMPRIMIDO ELENCO ESTADUAL ",BR0267638U0042,2022,COMPRIMIDO,87,87,1.218,4.200,1.218.00
"CLORPROMAZINA, CLORIDRATO 25 MG  COMPRIMIDO",BR0267635U0042,2022,COMPRIMIDO,53,53,920.00,3.540,920.00
"CLORPROMAZINA, CLORIDRATO 40 MG/ML SOLUÇÃO ORAL 20 ML",BR0340207U0086,2022,FRASCO,2,2,17.18,2,17.18
"COLAGENASE + CLORANFENICOL 0,6 UI + 10 MG/G POMADA 30 G",BR0270495-1,2022,BISNAGA,7,7,112.40,8,112.40
"COLCHICINA 0,5 MG  COMPRIMIDO",BR0267642,2022,COMPRIMIDO,9,9,452.90,500,452.90
"DESVENLAFAXINA, SUCCINATO MONOIDRATADO 100 MG COMPRIMIDO DE LIBERAÇÃO PROLONGADA",BR0405899,2022,COMPRIMIDO,3,3,388.50,90,388.50
"DEXAMETASONA  0,1 % CREME  10 G",BR0267643U0015,2022,BISNAGA,170,172,306.06,242,306.06
"DEXAMETASONA  0,1 MG/ML ELIXIR 100 ML",BR0268243U0062,2022,FRASCO,45,45,88.35,57,88.35
"DEXAMETASONA  0,1 MG/ML ELIXIR 120 ML",BR0268243U0067,2022,FRASCO,73,73,137.95,89,137.95
DEXAMETASONA  4 MG COMPRIMIDO,BR0269388U0042,2022,COMPRIMIDO,175,175,365.13,1.733,365.13
"DEXCLORFENIRAMINA, MALEATO + BETAMETASONA, VALERATO 0,4 + 0,05 MG/ML XAROPE  120 ML",BR0272896,2022,FRASCO,2,2,8.40,2,8.40
"DEXCLORFENIRAMINA, MALEATO 0,4 MG/ML SOLUÇÃO ORAL 100 ML",BR0267646U0062,2022,FRASCO,223,223,403.65,299,403.65
"DEXCLORFENIRAMINA, MALEATO 0,4 MG/ML SOLUÇÃO ORAL 120 ML",BR0267646U0067,2022,FRASCO,2,2,16.00,2,16.00
"DEXCLORFENIRAMINA, MALEATO 0,4 MG/ML XAROPE  100 ML",BR0298454U0062,2022,FRASCO,431,431,780.30,578,780.30
"DEXCLORFENIRAMINA, MALEATO 2 MG COMPRIMIDO",BR0267645U0042,2022,COMPRIMIDO,130,130,160.05,2.893,160.05
DIAZEPAM 10 MG COMPRIMIDO ELENCO ESTADUAL,BR0267197U0042,2022,COMPRIMIDO,348,348,1.058,15.120,1.058.40
DIAZEPAM 5 MG COMPRIMIDO,BR0267195U0042,2022,COMPRIMIDO,33,33,142.10,1.470,142.10
DICLOFENACO POTÁSSICO 50 MG COMPRIMIDO,BR0270992U0042,2022,COMPRIMIDO,57,57,97.60,1.104,97.60
DICLOFENACO SÓDICO 50 MG COMPRIMIDO,BR0271000,2022,COMPRIMIDO,15,15,18.32,252,18.32
"DIGOXINA  0,25 MG COMPRIMIDO",BR0267647U0042,2022,COMPRIMIDO,33,33,93.33,1.037,93.33
DIPIRONA SÓDICA  500 MG COMPRIMIDO,BR0267203U0042,2022,COMPRIMIDO,1.578,1.580,3.938,28.240,3.938.22
DIPIRONA SÓDICA  500 MG/ML SOLUÇÃO ORAL 10 ML,BR0267205U0063,2022,FRASCO,400,400,707.20,832,707.20
DIVALPROATO DE SÓDIO 500 MG COMPRIMIDO,BR0272589,2022,COMPRIMIDO,9,10,749.70,510,749.70
DOMPERIDONA 1 MG/ML SUSPENSÃO ORAL  100 ML,BR0269963,2022,FRASCO,11,11,276.50,25,276.50
DOMPERIDONA 10 MG COMPRIMIDO,BR0269962,2022,COMPRIMIDO,50,50,388.10,2.950,388.10
"DOXAZOSINA, MESILATO 2 MG COMPRIMIDO",BR0268493U0042,2022,COMPRIMIDO,63,63,277.20,1.980,277.20
"DOXAZOSINA, MESILATO 4 MG COMPRIMIDO",BR0268495U0042,2022,COMPRIMIDO,94,94,789.90,3.060,789.90
"ENALAPRIL, MALEATO 10 MG COMPRIMIDO ELENCO ESTADUAL ",BR0267651U0042,2022,COMPRIMIDO,9,9,20.40,510,20.40
"ENALAPRIL, MALEATO 20 MG COMPRIMIDO",BR0267652U0042,2022,COMPRIMIDO,227,227,972.00,12.150,972.00
"ENALAPRIL, MALEATO 5 MG COMPRIMIDO",BR0267650U0042,2022,COMPRIMIDO,50,50,232.55,2.370,232.55
"ESCITALOPRAM, OXALATO  10 mg COMPRIMIDO",BR0291770,2022,COMPRIMIDO,433,433,3.148,15.376,3.148.55
"ESCITALOPRAM, OXALATO  20 mg COMPRIMIDO",BR0291771,2022,COMPRIMIDO,445,446,6.181,16.034,6.181.12
"ESCOPOLAMINA, BUTILBROMETO + DIPIRONA SÓDICA 10 + 250 MG COMPRIMIDO",BR0270620,2022,COMPRIMIDO,1,1,13.70,20,13.70
"ESCOPOLAMINA, BUTILBROMETO + DIPIRONA SÓDICA 6,67 + 333,4 MG/ML SOLUÇÃO ORAL 20 ML",BR0270622,2022,FRASCO,55,55,437.76,72,437.76
ESPIRONOLACTONA  25 MG COMPRIMIDO,BR0267653U0042,2022,COMPRIMIDO,262,262,1.213,8.670,1.213.80
ETORICOXIBE 90 MG COMPRIMIDO,BR0324415,2022,COMPRIMIDO,22,22,1.861,231,1.861.86
FENITOÍNA SÓDICA  100 MG COMPRIMIDO ELENCO ESTADUAL,BR0267657U0042,2022,COMPRIMIDO,129,129,1.700,9.750,1.700.50
FENOBARBITAL  100 MG COMPRIMIDO ELENCO ESTADUAL,BR0267660U0042,2022,COMPRIMIDO,370,370,3.137,22.410,3.137.40
FENOBARBITAL  40 MG/ML SOLUÇÃO ORAL 20 ML ELENCO ESTADUAL,BR0300723U0086,2022,FRASCO,47,47,871.85,135,871.85
"FENOTEROL, BROMIDRATO 5 MG/ML SOLUÇÃO PARA NEBULIZAÇÃO 20 ML ELENCO ESTADUAL ",BR0267256,2022,FRASCO,2,2,6.90,2,6.90
FINASTERIDA 5 MG COMPRIMIDO,BR0275963U0042,2022,COMPRIMIDO,38,38,966.53,1.260,966.53
FLUCONAZOL 150 MG CÁPSULA,BR0267662U0041,2022,CAPSULA,250,250,290.50,830,290.50
"FLUOXETINA, CLORIDRATO 20 MG CÁPSULA  ELENCO ESTADUAL ",BR0273009U0041,2022,CAPSULA,879,880,3.375,41.515,3.375.20
FOSFATO DE SÓDIO MONOBÁSICO + FOSFATO DE SÓDIO DIBÁSICO 16 + 6 % ENEMA  130 ML,BR0267328,2022,FRASCO,1,1,2.19,1,2.19
FUROSEMIDA 40 MG COMPRIMIDO,BR0267663U0042,2022,COMPRIMIDO,222,224,393.00,7.860,393.00
GABAPENTINA 300 MG CÁPSULA  ELENCO ESTADUAL,BR0268107,2022,CAPSULA,3,3,78.00,120,78.00
GLICLAZIDA 30 MG COMPRIMIDO DE LIBERAÇÃO PROLONGADA,BR0273116U0042,2022,COMPRIMIDO,32,32,603.73,1.080,603.73
GLICLAZIDA 60 MG COMPRIMIDO DE LIBERAÇÃO PROLONGADA,BR0417713U0042,2022,COMPRIMIDO,45,45,1.874,1.860,1.874.01
HALOPERIDOL 1 MG COMPRIMIDO,BR0267670U0042,2022,COMPRIMIDO,9,9,81.60,480,81.60
HALOPERIDOL 2 MG/ML SOLUÇÃO ORAL 20 ML,BR0292195U0086,2022,FRASCO,19,19,283.80,48,283.80
HALOPERIDOL 5 MG COMPRIMIDO,BR0267669U0042,2022,COMPRIMIDO,73,73,830.40,3.480,830.40
HEDERA HELIX - EXTRATO SECO 7 MG/ML XAROPE  100 ML,BR0359286,2022,FRASCO,11,11,212.05,25,212.05
"HIDROCORTISONA, ACETATO 10 MG/G CREME  15 G",BR0345240U0017,2022,BISNAGA,1,1,7.39,1,7.39
HIDRÓXIDO DE ALUMÍNIO 60 MG/ML SUSPENSÃO ORAL  100 ML,BR0433257U0062,2022,FRASCO,15,15,80.29,37,80.29
HIDRÓXIDO DE ALUMÍNIO 60 MG/ML SUSPENSÃO ORAL  150 ML,BR0433257,2022,FRASCO,34,34,132.37,61,132.37
"HIDRÓXIDO DE ALUMÍNIO 61,5 MG/ML SUSPENSÃO ORAL  100 ML",BR0340783U0062,2022,FRASCO,3,3,11.50,5,11.50
"HIDROXIZINA, CLORIDRATO 2 MG/ML XAROPE  100 ML",BR0394263-1,2022,FRASCO,146,146,502.25,205,502.25
"HIDROXIZINA, CLORIDRATO 25 MG COMPRIMIDO",BR0273310,2022,COMPRIMIDO,5,5,30.60,150,30.60
IBUPROFENO  300 MG COMPRIMIDO,BR0267677U0042,2022,COMPRIMIDO,154,154,555.04,4.006,555.04
IBUPROFENO  50 MG/ML SUSPENSÃO ORAL  30 ML,BR0332754U0097,2022,FRASCO,130,130,160.93,133,160.93
IBUPROFENO  600 MG COMPRIMIDO,BR0267676U0042,2022,COMPRIMIDO,835,836,1.895,11.804,1.895.82
"IMIPRAMINA, CLORIDRATO 25 MG COMPRIMIDO ",BR0267292,2022,COMPRIMIDO,12,12,386.40,840,386.40
INSULINA HUMANA NPH 100 UI/ML SOLUÇÃO INJETÁVEL 3 ML COM SISTEMA DE APLICAÇÃO,BR0442012U0137,2022,SELO DE SEGURANÇA,664,664,27.393,2.423,27.393.20
INSULINA HUMANA NPH 100 UI/ML SUSPENSÃO INJETÁVEL 10 ML ELENCO ESTADUAL,BR0271157U0063,2022,FRASCO-AMPOLA,65,65,900.90,90,900.90
INSULINA HUMANA REGULAR 100 UI/ML SOLUÇÃO INJETÁVEL 10 ML ELENCO ESTADUAL,BR0271154U0063,2022,FRASCO-AMPOLA,45,45,522.72,48,522.72
INSULINA HUMANA REGULAR 100 UI/ML SOLUÇÃO INJETÁVEL 3 ML COM SISTEMA DE APLICAÇÃO,BR0442011U0137,2022,UN,248,248,6.465,570,6.465.60
"IPRATRÓPIO, BROMETO  0,25 MG/ML SOLUÇÃO PARA INALAÇÃO 20 ML ELENCO ESTADUAL ",BR0268331U0086,2022,FRASCO,32,32,29.91,38,29.91
"ISOSSORBIDA, MONONITRATO 20 MG COMPRIMIDO",BR0273400U0042,2022,COMPRIMIDO,53,53,702.00,3.510,702.00
ITRACONAZOL 100 MG CÁPSULA,BR0268861U0041,2022,CAPSULA,19,19,519.19,593,519.19
"IVABRADINA, CLORIDRATO 5 MG COMPRIMIDO",BR0400853,2022,COMPRIMIDO,1,1,154.80,60,154.80
IVERMECTINA 6 MG COMPRIMIDO,BR0273328U0042,2022,COMPRIMIDO,198,198,2.595,1.038,2.595.00
LACTULOSE 667 MG/ML SOLUÇÃO ORAL  120 ML,BR0305247-1,2022,FRASCO,69,69,1.673,208,1.673.18
LAMOTRIGINA 100 MG COMPRIMIDO ELENCO ESTADUAL,BR0272809,2022,COMPRIMIDO,22,22,2.746,1.110,2.746.32
LAMOTRIGINA 25 MG COMPRIMIDO,BR0295040,2022,COMPRIMIDO,7,7,281.20,240,281.20
LAMOTRIGINA 50 MG COMPRIMIDO,BR0324414,2022,COMPRIMIDO,11,11,1.158,840,1.158.00
LEVODOPA + CARBIDOPA  250 + 25 MG COMPRIMIDO ELENCO ESTADUAL,BR0270130U0042,2022,COMPRIMIDO,10,10,1.404,640,1.404.20
LEVOFLOXACINO 500 MG COMPRIMIDO ELENCO ESTADUAL,BR0305270U0042,2022,COMPRIMIDO,46,46,466.40,583,466.40
LEVOMEPROMAZINA 100 MG COMPRIMIDO,BR0268129,2022,COMPRIMIDO,33,33,2.181,3.015,2.181.00
LEVOMEPROMAZINA 25 MG COMPRIMIDO,BR0268128,2022,COMPRIMIDO,49,49,1.140,2.850,1.140.00
LEVOMEPROMAZINA 40 MG/ML SOLUÇÃO ORAL 20 ML,BR0268130U0086,2022,FRASCO,56,57,850.00,85,850.00
LEVOTIROXINA SÓDICA 100 MCG COMPRIMIDO ELENCO ESTADUAL,BR0268125U0042,2022,COMPRIMIDO,193,193,1.318,6.510,1.318.20
LEVOTIROXINA SÓDICA 25 MCG COMPRIMIDO ELENCO ESTADUAL,BR0268124U0042,2022,COMPRIMIDO,147,147,675.00,4.500,675.00
LEVOTIROXINA SÓDICA 50 MCG COMPRIMIDO ELENCO ESTADUAL,BR0268123U0042,2022,COMPRIMIDO,203,203,1.244,6.450,1.244.60
"LIDOCAÍNA, CLORIDRATO 20 MG/G GEL 30 G",BR0269846U0023,2022,BISNAGA,23,23,706.71,222,706.71
LORATADINA 1 MG/ML XAROPE  100 ML,BR0273467U0062,2022,FRASCO,313,314,834.24,352,834.24
LORATADINA 10 MG COMPRIMIDO,BR0273466U0042,2022,COMPRIMIDO,628,628,866.49,6.187,866.49
LORAZEPAM 2 MG COMPRIMIDO,BR0273473,2022,COMPRIMIDO,28,28,162.00,1.080,162.00
LOSARTANA POTÁSSICA 50 MG COMPRIMIDO,BR0268856U0042,2022,COMPRIMIDO,2,2,8.40,120,8.40
MEBENDAZOL 20 MG/ML SUSPENSÃO ORAL  30 ML,BR0267694,2022,FRASCO,3,3,6.88,4,6.88
MELOXICAM 15 MG COMPRIMIDO,BR0273554,2022,COMPRIMIDO,63,63,99.65,818,99.65
"MEMANTINA, CLORIDRATO 10 MG COMPRIMIDO ELENCO ESTADUAL ",BR0273221,2022,COMPRIMIDO,21,21,436.80,780,436.80
METILDOPA  250 MG COMPRIMIDO,BR0267689U0042,2022,COMPRIMIDO,21,21,819.00,1.800,819.00
METILDOPA  500 MG COMPRIMIDO,BR0267688,2022,COMPRIMIDO,10,10,375.80,750,375.80
"METOCLOPRAMIDA, CLORIDRATO 10 MG COMPRIMIDO",BR0267312U0042,2022,COMPRIMIDO,2,2,45.387,42,"45.387,00"
"METOCLOPRAMIDA, CLORIDRATO 4 MG/ML SOLUÇÃO ORAL 10 ML",BR0267311U0063,2022,FRASCO,11,11,52.90,23,52.90
"METOPROLOL, SUCCINATO 100 MG COMPRIMIDO DE LIBERAÇÃO PROLONGADA",BR0276658U0042,2022,COMPRIMIDO,23,23,365.40,810,365.40
"METOPROLOL, SUCCINATO 25 MG COMPRIMIDO DE LIBERAÇÃO PROLONGADA",BR0276656U0042,2022,COMPRIMIDO,28,28,538.20,1.380,538.20
"METOPROLOL, SUCCINATO 50 MG COMPRIMIDO DE LIBERAÇÃO PROLONGADA",BR0276657U0042,2022,COMPRIMIDO,55,55,1.486,2.040,1.486.15
METRONIDAZOL 100 MG/G CREME VAGINAL  50 G,BR0345300,2022,BISNAGA,46,46,240.12,46,240.12
METRONIDAZOL 250 MG COMPRIMIDO,BR0267717U0042,2022,COMPRIMIDO,185,186,976.73,5.389,976.73
METRONIDAZOL 400 MG COMPRIMIDO,BR0268499U0042,2022,COMPRIMIDO,18,18,59.58,331,59.58
"MICONAZOL, NITRATO 2 % CREME  30 G",BR0268286U0023,2022,BISNAGA,2,2,45.643,8,"45.643,00"
"MICONAZOL, NITRATO 2 % CREME VAGINAL  80 G",BR0268162U0031,2022,BISNAGA,217,217,1.963,281,1.963.41
MIKANIA GLOMERATA (GUACO) 35 MG/ML XAROPE  100 ML,BR0433940U0062,2022,FRASCO,31,32,159.87,73,159.87
NEOMICINA + BACITRACINA 5 + 250 MG + UI/G POMADA 10 G,BR0273167-1,2022,BISNAGA,125,127,345.50,160,345.50
NIFEDIPINO 10 MG COMPRIMIDO,BR0267728U0042,2022,COMPRIMIDO,27,27,441.00,2.940,441.00
NIFEDIPINO 20 MG COMPRIMIDO DE LIBERAÇÃO PROLONGADA,BR0267731-1,2022,COMPRIMIDO,16,16,209.53,860,209.53
NIFEDIPINO 20 MG COMPRIMIDO ELENCO ESTADUAL,BR0267729,2022,COMPRIMIDO,50,50,445.50,2.970,445.50
NIMESULIDA 100 MG COMPRIMIDO,BR0273710,2022,COMPRIMIDO,1.021,1.021,1.103,13.794,1.103.52
NIMESULIDA 50 MG/ML SOLUÇÃO ORAL 15 ML,BR0273711,2022,FRASCO,30,30,77.64,32,77.64
NISTATINA + ÓXIDO DE ZINCO 100.000 + 200 UI + MG/G CREME  60 G,BR0279297-2,2022,BISNAGA,1,1,17.60,1,17.60
NISTATINA 100.000 UI/ML SUSPENSÃO ORAL  30 ML,BR0267378U0097,2022,FRASCO,25,25,341.22,94,341.22
NISTATINA 25.000 UI/G CREME VAGINAL  60 G,BR0266788-2,2022,BISNAGA,222,222,1.270,324,1.270.08
NORFLOXACINO 400 MG COMPRIMIDO,BR0268851,2022,COMPRIMIDO,27,27,154.44,396,154.44
"NORTRIPTILINA, CLORIDRATO 25 MG CÁPSULA ",BR0271606U0041,2022,CAPSULA,133,133,2.469,5.551,2.469.92
OLANZAPINA 10 MG COMPRIMIDO ELENCO ESTADUAL,BR0271621,2022,COMPRIMIDO,35,35,2.469,1.590,2.469.92
OLANZAPINA 5 MG COMPRIMIDO ELENCO ESTADUAL,BR0271620,2022,COMPRIMIDO,47,47,1.058,1.890,1.058.40
ÓLEO MINERAL (PETROLATO) SOLUÇÃO ORAL 100 ML,BR0233632U0062,2022,FRASCO,39,39,254.52,85,254.52
OMEPRAZOL 20 MG CÁPSULA  ELENCO ESTADUAL,BR0267712U0041,2022,CAPSULA,742,742,2.253,28.170,2.253.60
"ONDANSETRONA, CLORIDRATO 4 MG COMPRIMIDO",BR0268506U0042,2022,COMPRIMIDO,1,1,19.20,20,19.20
"ONDANSETRONA, CLORIDRATO 8 MG COMPRIMIDO",BR0268505U0042,2022,COMPRIMIDO,10,10,700.00,250,700.00
OXCARBAZEPINA 300 MG COMPRIMIDO ELENCO ESTADUAL,BR0273257,2022,COMPRIMIDO,62,62,3.912,4.890,3.912.00
PANTOPRAZOL 20 MG COMPRIMIDO ELENCO ESTADUAL,BR0268848,2022,COMPRIMIDO,10,10,63.68,398,63.68
PANTOPRAZOL 40 MG COMPRIMIDO,BR0267892,2022,COMPRIMIDO,91,91,3.299,3.020,3.299.81
PARACETAMOL  200 MG/ML SOLUÇÃO ORAL 10 ML,BR0267777U0063,2022,FRASCO,38,38,102.02,79,102.02
PARACETAMOL  200 MG/ML SOLUÇÃO ORAL 15 ML,BR0267777U0075,2022,FRASCO,90,91,185.36,147,185.36
PARACETAMOL  500 MG COMPRIMIDO,BR0267778U0042,2022,COMPRIMIDO,189,189,444.12,3.508,444.12
PARACETAMOL  750 MG COMPRIMIDO,BR0267779,2022,COMPRIMIDO,173,173,732.48,2.659,732.48
"PARACETAMOL + CODEÍNA, FOSFATO 500 MG + 30 MG COMPRIMIDO ELENCO ESTADUAL ",BR0270907,2022,COMPRIMIDO,204,204,2.867,6.516,2.867.04
"PAROXETINA, CLORIDRATO 20 MG COMPRIMIDO",BR0273940,2022,COMPRIMIDO,358,358,3.126,13.830,3.126.60
PERMETRINA 10 MG/ML LOÇÃO 60 ML,BR0267773U0110,2022,FRASCO,4,4,45.548,7,"45.548,00"
PERMETRINA 50 MG/ML LOÇÃO 60 ML,BR0363597U0110,2022,FRASCO,92,93,547.32,172,547.32
PREDNISOLONA 3 MG/ML SOLUÇÃO ORAL 60 ML,BR0268150U0110,2022,FRASCO,253,253,1.101,314,1.101.02
PREDNISONA  20 MG COMPRIMIDO ELENCO ESTADUAL,BR0267743U0042,2022,COMPRIMIDO,573,573,1.408,8.313,1.408.25
PREDNISONA  5 MG COMPRIMIDO ELENCO ESTADUAL,BR0267741U0042,2022,COMPRIMIDO,125,125,201.04,2.872,201.04
"PROMETAZINA, CLORIDRATO 25 MG COMPRIMIDO",BR0267768U0042,2022,COMPRIMIDO,74,74,330.53,2.360,330.53
"QUETIAPINA, FUMARATO 100 MG COMPRIMIDO ELENCO ESTADUAL ",BR0272832,2022,COMPRIMIDO,24,24,1.531,1.740,1.531.20
"QUETIAPINA, FUMARATO 50 MG COMPRIMIDO DE LIBERAÇÃO PROLONGADA",BR0390005,2022,CAPSULA,8,8,511.20,360,511.20
"QUETIAPINA, HEMIFUMARATO 25 MG COMPRIMIDO",BR0272831-1,2022,COMPRIMIDO,152,152,2.095,6.870,2.095.80
RISPERIDONA 1 MG COMPRIMIDO ELENCO ESTADUAL,BR0272839,2022,COMPRIMIDO,516,518,1.885,17.610,1.885.02
RISPERIDONA 1 MG/ML SOLUÇÃO ORAL  30 ML,BR0284106,2022,FRASCO,95,96,2.290,165,2.290.56
RISPERIDONA 2 MG COMPRIMIDO ELENCO ESTADUAL,BR0268149,2022,COMPRIMIDO,356,356,2.419,17.340,2.419.50
RISPERIDONA 3 MG COMPRIMIDO ELENCO ESTADUAL,BR0284105,2022,COMPRIMIDO,79,79,1.002,5.010,1.002.30
"SAIS PARA REIDRATAÇÃO ORAL (NaCl 3,5G + Glicose 20G + Citrato Na 2,9G + KCl 1,5G)                                 27,9 G PÓ PARA SOLUÇÃO",BR0268390U0052,2022,ENVELOPE,24,24,74.88,104,74.88
"SALBUTAMOL, SULFATO 0,4 MG/ML XAROPE  100 ML ",BR0292331-1,2022,FRASCO,1,1,1.21,1,1.21
"SALBUTAMOL, SULFATO 0,4 MG/ML XAROPE  120 ML ",BR0292331-2,2022,FRASCO,7,7,13.31,11,13.31
SECNIDAZOL 1.000 MG COMPRIMIDO,BR0268299,2022,COMPRIMIDO,167,167,715.85,597,715.85
"SERTRALINA, CLORIDRATO 50 MG COMPRIMIDO ELENCO ESTADUAL ",BR0272365,2022,COMPRIMIDO,570,570,2.734,22.785,2.734.20
SULFADIAZINA DE PRATA 1% CREME  30 G,BR0272089U0023,2022,BISNAGA,21,21,343.44,53,343.44
SULFAMETOXAZOL + TRIMETOPRIMA  40 + 8 MG/ML SUSPENSÃO ORAL  100 ML ELENCO ESTADUAL,BR0308884U0062,2022,FRASCO,93,93,816.87,219,816.87
SULFAMETOXAZOL + TRIMETOPRIMA  400 + 80 MG COMPRIMIDO ELENCO ESTADUAL,BR0308882U0042,2022,COMPRIMIDO,45,45,195.48,987,195.48
SULFAMETOXAZOL + TRIMETOPRIMA  800 + 160 MG COMPRIMIDO,BR0308883,2022,COMPRIMIDO,20,20,162.11,377,162.11
SULFATO FERROSO (25MG/ML DE FERRO ELEMENTAR) 125 MG/ML SOLUÇÃO ORAL 30 ML ELENCO ESTADUAL,BR0292345U0097,2022,FRASCO,128,128,224.72,183,224.72
SULFATO FERROSO (40MG DE FERRO ELEMENTAR) COMPRIMIDO ELENCO ESTADUAL,BR0292344U0042,2022,COMPRIMIDO,525,525,1.172,23.445,1.172.25
TENOXICAM 20 MG COMPRIMIDO,BR0268531,2022,COMPRIMIDO,133,133,978.90,2.510,978.90
TIABENDAZOL 50 MG/G POMADA 30 G,BR0267418 -2,2022,BISNAGA,10,10,88.00,10,88.00
"TIMOLOL, MALEATO 0,5 % SOLUÇÃO OFTÁLMICA 5 ML ELENCO ESTADUAL ",BR0272581,2022,FRASCO,5,5,25.41,7,25.41
TOPIRAMATO 25 MG COMPRIMIDO ELENCO ESTADUAL,BR0272849,2022,COMPRIMIDO,142,142,2.849,4.677,2.849.77
TOPIRAMATO 50 MG COMPRIMIDO ELENCO ESTADUAL,BR0272850,2022,COMPRIMIDO,142,142,2.443,5.971,2.443.70
"TRAMADOL, CLORIDRATO 50 MG CÁPSULA ",BR0268534-1,2022,CAPSULA,164,164,2.276,6.898,2.276.34
"TRAZODONA, CLORIDRATO 50 MG COMPRIMIDO ",BR0276948,2022,COMPRIMIDO,50,50,1.852,2.610,1.852.02
"TRIANCINOLONA, ACETONIDA 1 MG/G ORABASE 10 G",BR0326010U0015,2022,BISNAGA,22,22,99.36,23,99.36
TRIMETAZIDINA DICLORIDRATO  35 MG COMP DE LIB PROL,BR0480080,2022,COMPRIMIDO,1,1,80.40,60,80.40
"VENLAFAXINA, CLORIDRATO 75 MG CÁPSULA DE LIBERAÇÃO CONTROLADA ",BR0272379,2022,CAPSULA,6,6,191.10,210,191.10
"VITAMINAS DO COMPLEXO B (B1,B2,B3,B5,B6)  SOLUÇÃO ORAL 100  ML",BR0368499,2022,FRASCO,6,6,43.00,10,43.00
"VITAMINAS DO COMPLEXO B (B1,B2,B3,B5,B6) SOLUÇÃO ORAL  30 ML ",BR0368499-2,2022,FRASCO,8,8,90.72,12,90.72
"VITAMINAS DO COMPLEXO B (B1,B2,B3,B6,B12) SOLUÇÃO ORAL  20 ML ",BR0272092-1,2022,FRASCO,22,22,179.76,56,179.76
"VITAMINAS DO COMPLEXO B, B1, B2, B3, B5, B6, B12 COMPRIMIDO",BR0437109,2022,COMPRIMIDO,445,445,1.129,18.941,1.129.03
ACEBROFILINA 5 MG/ML XAROPE  120 ML,BR0448838U0067,2021,FRASCO,77,77,654.60,92,654.60
ACECLOFENACO 100 MG COMPRIMIDO,BR0271666,2021,COMPRIMIDO,8,8,31.62,93,31.62
ACICLOVIR 200 MG COMPRIMIDO ELENCO ESTADUAL,BR0268370U0042,2021,COMPRIMIDO,23,23,357.22,1.421,357.22
ACICLOVIR 5 % CREME  10 G,BR0268375U0015,2021,BISNAGA,30,30,120.32,47,120.32
ÁCIDO ACETILSALICÍLICO  100 MG COMPRIMIDO,BR0267502U0042,2021,COMPRIMIDO,996,996,1.780,31.420,1.780.20
ÁCIDO ACETILSALICÍLICO  100 MG COMPRIMIDO DE LIBERAÇÃO PROLONGADA,BR0337678,2021,COMPRIMIDO,23,23,438.00,690,438.00
ÁCIDO ACETILSALICÍLICO  100 MG TAMPONADO COMPRIMIDO,BR0270965,2021,COMPRIMIDO,29,30,595.20,930,595.20
ÁCIDO ASCÓRBICO 200 MG/ML SOLUÇÃO ORAL 20 ML,BR0271689-1,2021,FRASCO,155,155,444.73,221,444.73
ÁCIDO ASCÓRBICO 500 MG COMPRIMIDO,BR0271691,2021,COMPRIMIDO,502,504,3.091,11.064,3.091.94
ÁCIDO FÓLICO 5 MG COMPRIMIDO ELENCO ESTADUAL,BR0267503U0042,2021,COMPRIMIDO,366,367,621.90,11.610,621.90
ÁCIDO VALPRÓICO (VALPROATO DE SÓDIO)  250 MG CÁPSULA,BR0267504U0041,2021,CAPSULA,69,69,2.266,4.739,2.266.46
ÁCIDO VALPRÓICO (VALPROATO DE SÓDIO)  50 MG/ML XAROPE  100 ML ELENCO ESTADUAL,BR0308732U0062,2021,FRASCO,38,38,1.078,218,1.078.78
ÁCIDO VALPRÓICO (VALPROATO DE SÓDIO)  500 MG COMPRIMIDO ELENCO ESTADUAL,BR0267505U0042,2021,COMPRIMIDO,150,151,9.672,11.952,9.672.34
ALBENDAZOL 40 MG/ML SUSPENSÃO ORAL  10 ML,BR0267507U0063,2021,FRASCO,200,200,610.89,521,610.89
ALBENDAZOL 400 MG COMPRIMIDO MASTIGÁVEL,BR0267506U0042,2021,COMPRIMIDO,178,178,189.35,509,189.35
ALOPURINOL 100 MG COMPRIMIDO,BR0267508U0042,2021,COMPRIMIDO,2,2,9.84,60,9.84
"ALPRAZOLAM 0,25 MG COMPRIMIDO",BR0271358,2021,COMPRIMIDO,21,21,248.58,630,248.58
"ALPRAZOLAM 0,5 MG COMPRIMIDO",BR0271357,2021,COMPRIMIDO,142,142,1.067,5.775,1.067.10
ALPRAZOLAM 1 MG COMPRIMIDO,BR0271356,2021,COMPRIMIDO,213,213,1.630,8.730,1.630.50
ALPRAZOLAM 2 MG COMPRIMIDO,BR0284465,2021,COMPRIMIDO,201,201,2.355,8.957,2.355.68
AMANTADINA 100 MG COMPRIMIDO ELENCO ESTADUAL,BR0268079,2021,COMPRIMIDO,20,20,1.171,1.350,1.171.50
"AMBROXOL, CLORIDRATO 3 MG/ML XAROPE  100 ML",BR0271660-1,2021,FRASCO,67,67,139.48,84,139.48
"AMBROXOL, CLORIDRATO 6 MG/ML XAROPE  100 ML",BR0271659-1,2021,FRASCO,57,57,113.75,67,113.75
"AMIODARONA, CLORIDRATO 200 MG COMPRIMIDO",BR0267510U0042,2021,COMPRIMIDO,103,103,3.378,3.770,3.378.00
"AMITRIPTILINA, CLORIDRATO + CLORDIAZEPÓXIDO 12,5 MG + 5 MG CÁPSULA ",BR0276336,2021,CAPSULA,5,5,76.50,150,76.50
"AMITRIPTILINA, CLORIDRATO 25 MG COMPRIMIDO ELENCO ESTADUAL ",BR0267512U0042,2021,COMPRIMIDO,618,618,8.176,27.844,8.176.98
"AMITRIPTILINA, CLORIDRATO 75 MG COMPRIMIDO",BR0276333U0042,2021,COMPRIMIDO,2,2,22.80,60,22.80
"AMOXICILINA + CLAVULANATO DE POTÁSSIO 40+5,7 MG/ML SUSPENSÃO ORAL  70 ML",BR0281135-3,2021,FRASCO,14,14,687.00,30,687.00
"AMOXICILINA + CLAVULANATO DE POTÁSSIO 50 MG+ 12,5 MG/ML SUSPENSÃO ORAL  75 ML",BR0281135U0113,2021,FRASCO,27,27,807.47,76,807.47
AMOXICILINA + CLAVULANATO DE POTÁSSIO 500 MG + 125 MG COMPRIMIDO ELENCO ESTADUAL,BR0271217U0042,2021,COMPRIMIDO,144,145,3.624,3.344,3.624.15
AMOXICILINA + CLAVULANATO DE POTÁSSIO 875 MG + 125 MG COMPRIMIDO,BR0353333,2021,COMPRIMIDO,18,18,690.53,279,690.53
AMOXICILINA 50 MG/ML PÓ PARA SUSPENSÃO 60 ML,BR0271111U0110,2021,FRASCO,136,136,1.567,415,1.567.69
AMOXICILINA 500 MG CÁPSULA,BR0271089U0041,2021,CAPSULA,565,567,2.322,12.150,2.322.56
"ANLODIPINO, BESILATO 10 MG COMPRIMIDO",BR0268896U0042,2021,COMPRIMIDO,252,253,604.80,8.840,604.80
"ANLODIPINO, BESILATO 5 MG COMPRIMIDO",BR0272434U0042,2021,COMPRIMIDO,569,570,1.764,23.775,1.764.65
ARIPIPRAZOL 10 MG COMPRIMIDO,BR0364780,2021,COMPRIMIDO,3,3,554.55,90,554.55
ATENOLOL 50 MG COMPRIMIDO,BR0267517U0042,2021,COMPRIMIDO,216,216,1.412,11.730,1.412.20
AZITROMICINA 40 MG/ML 600 MG PÓ PARA SUSPENSÃO 15 ML ELENCO ESTADUAL,BR0314517U0108,2021,FRASCO,87,87,2.062,174,2.062.80
AZITROMICINA 500 MG COMPRIMIDO ELENCO ESTADUAL,BR0267140U0042,2021,COMPRIMIDO,1.016,1.019,13.378,5.767,13.378.02
BACLOFENO 10 MG COMPRIMIDO ELENCO ESTADUAL,BR0271746,2021,COMPRIMIDO,19,19,828.00,2.280,828.00
"BIPERIDENO, CLORIDRATO  2 MG COMPRIMIDO ELENCO ESTADUAL ",BR0270140U0042,2021,COMPRIMIDO,190,190,2.816,10.093,2.816.86
"BISOPROLOL, FUMARATO 10 MG COMPRIMIDO ",BR0362721,2021,COMPRIMIDO,7,7,667.20,210,667.20
"BISOPROLOL, FUMARATO 2,5 MG COMPRIMIDO ",BR0362720,2021,COMPRIMIDO,3,3,188.40,90,188.40
"BISOPROLOL, FUMARATO 5 MG COMPRIMIDO ",BR0362718,2021,COMPRIMIDO,1,1,86.10,30,86.10
BROMAZEPAM 3 MG COMPRIMIDO,BR0271773,2021,COMPRIMIDO,222,222,3.699,9.570,3.699.60
BROMAZEPAM 6 MG COMPRIMIDO,BR0271774,2021,COMPRIMIDO,228,228,3.409,8.820,3.409.20
"BROMEXINA, CLORIDRATO 0,8 MG/ML XAROPE  120 ML ",BR0269822,2021,FRASCO,20,20,120.00,24,120.00
BROMOPRIDA 10 MG COMPRIMIDO,BR0269954-2,2021,COMPRIMIDO,48,50,450.30,1.470,450.30
BROMOPRIDA 10 MG MG CÁPSULA,BR0269954-1,2021,CAPSULA,19,19,272.84,537,272.84
BROMOPRIDA 4 MG/ML SOLUÇÃO ORAL 20 ML,BR0269956,2021,FRASCO,11,11,45.587,17,"45.587,00"
BUDESONIDA 32 MCG/DOSE SUSPENSÃO NASAL 120 DOSES,BR0266706U0066,2021,FRASCO,43,43,761.40,47,761.40
BUDESONIDA 50 MCG/DOSE SUSPENSÃO NASAL 120 DOSES,BR0266701U0066,2021,FRASCO,47,47,1.770,51,1.770.60
CARBAMAZEPINA  20 MG/ML SUSPENSÃO ORAL  100 ML ELENCO ESTADUAL,BR0272454U0062,2021,FRASCO,63,63,8.606,564,8.606.82
CARBAMAZEPINA  20 MG/ML XAROPE  100 ML,BR0392264,2021,FRASCO,1,1,238.50,18,238.50
CARBAMAZEPINA  200 MG COMPRIMIDO ELENCO ESTADUAL,BR0267618U0042,2021,COMPRIMIDO,384,384,3.082,26.400,3.082.32
CARBAMAZEPINA  400 MG COMPRIMIDO,BR0267617U0042,2021,COMPRIMIDO,121,121,8.430,9.700,8.430.30
CARBONATO DE CÁLCIO + COLECALCIFEROL  500 MG + 200 UI COMPRIMIDO ELENCO ESTADUAL,BR0270893U0042,2021,COMPRIMIDO,49,49,629.37,2.850,629.37
CARBONATO DE CÁLCIO + COLECALCIFEROL  500 MG + 400 UI COMPRIMIDO,BR0296876U0042,2021,COMPRIMIDO,33,33,168.00,1.680,168.00
CARBONATO DE CÁLCIO + COLECALCIFEROL  600 MG + 400 UI COMPRIMIDO,BR0306361U0042,2021,COMPRIMIDO,14,14,92.40,840,92.40
CARBONATO DE LÍTIO 300 MG COMPRIMIDO ELENCO ESTADUAL,BR0267621U0042,2021,COMPRIMIDO,285,286,12.530,21.685,12.530.46
"CARVEDILOL 12,5 MG COMPRIMIDO",BR0267564U0042,2021,COMPRIMIDO,94,94,1.313,5.850,1.313.10
CARVEDILOL 25 MG  COMPRIMIDO,BR0267567U0042,2021,COMPRIMIDO,122,122,2.792,6.420,2.792.10
"CARVEDILOL 3,125 MG  COMPRIMIDO",BR0267566U0042,2021,COMPRIMIDO,121,121,2.160,6.540,2.160.93
"CARVEDILOL 6,25 MG  COMPRIMIDO",BR0267565U0042,2021,COMPRIMIDO,99,99,1.094,5.340,1.094.15
CEFALEXINA 50 MG/ML SUSPENSÃO ORAL  60 ML,BR0331555U0110,2021,FRASCO,99,99,2.478,229,2.478.40
CEFALEXINA 500 MG  CÁPSULA,BR0267625U0041,2021,CAPSULA,199,199,2.346,5.730,2.346.19
CEFALEXINA 500 MG  COMPRIMIDO,BR0267625U0042,2021,COMPRIMIDO,308,308,6.011,9.000,6.011.32
CELECOXIBE 200 MG CÁPSULA,BR0268866,2021,CAPSULA,1,1,7.70,10,7.70
"CETOCONAZOL + BETAMETASONA + NEOMICINA 20 + 0,5 + 2,5 MG POMADA 30 G",BR0449186U0023,2021,BISNAGA,31,31,840.80,69,840.80
"CETOCONAZOL + BETAMETASONA + NEOMICINA 20 + 0,5 + 2,5 MG/G CREME  30 G",BR0270593,2021,BISNAGA,15,16,182.90,31,182.90
"CETOCONAZOL + BETAMETASONA 0,5 + 20 MCG/G CREME  30 G",BR0284114U0023,2021,BISNAGA,43,43,582.80,47,582.80
CETOCONAZOL 2% CREME  30 G,BR0308736-2,2021,BISNAGA,120,121,1.320,198,1.320.00
CETOCONAZOL 2% XAMPU  100 ML,BR0271103U0062,2021,FRASCO,33,33,238.50,45,238.50
CETOCONAZOL 200 MG  COMPRIMIDO ELENCO ESTADUAL,BR0267151,2021,COMPRIMIDO,30,30,246.80,641,246.80
CILOSTAZOL 100 MG  COMPRIMIDO,BR0276378,2021,COMPRIMIDO,37,38,1.541,1.920,1.541.58
CILOSTAZOL 50 MG  COMPRIMIDO,BR0276377,2021,COMPRIMIDO,26,26,477.60,1.380,477.60
CINARIZINA 25 mg  COMPRIMIDO,BR0267628,2021,COMPRIMIDO,2,2,36.00,120,36.00
CINARIZINA 75 MG  COMPRIMIDO,BR0267629,2021,COMPRIMIDO,65,65,783.30,2.770,783.30
CIPROFIBRATO 100 mg  COMPRIMIDO,BR0308738,2021,COMPRIMIDO,215,215,5.262,6.510,5.262.25
"CIPROFLOXACINO, CLORIDRATO 500 MG  COMPRIMIDO ELENCO ESTADUAL ",BR0267632U0042,2021,COMPRIMIDO,366,367,1.558,5.672,1.558.74
CITALOPRAM 20  MG COMPRIMIDO ELENCO ESTADUAL,BR0272903,2021,COMPRIMIDO,142,142,1.215,5.040,1.215.75
"CLINDAMICINA, CLORIDRATO 300 MG CÁPSULA ",BR0268436U0041,2021,CAPSULA,19,19,834.96,804,834.96
CLOBAZAM 10 MG  COMPRIMIDO,BR0272901,2021,COMPRIMIDO,3,3,45.20,60,45.20
CLOBAZAM 20 MG  MG COMPRIMIDO,BR0272902,2021,COMPRIMIDO,17,17,1.052,730,1.052.80
"CLONAZEPAM 0,5 MG COMPRIMIDO ELENCO ESTADUAL ",BR0270118,2021,COMPRIMIDO,397,397,2.097,14.970,2.097.10
CLONAZEPAM 2 MG  COMPRIMIDO ELENCO ESTADUAL,BR0270119,2021,COMPRIMIDO,1.267,1.268,8.384,53.884,8.384.40
"CLONAZEPAM 2,5 MG/ML SOLUÇÃO ORAL 20 ML",BR0270120U0086,2021,FRASCO,365,365,4.230,623,4.230.60
"CLOPIDOGREL, BISSULFATO 75 MG  COMPRIMIDO ELENCO ESTADUAL ",BR0272045,2021,COMPRIMIDO,83,84,3.301,2.372,3.301.85
"CLORETO DE SÓDIO 0,9 % SOLUÇÃO NASAL 50 ML",BR0437160U0105,2021,FRASCO,27,27,180.90,27,180.90
"CLORPROMAZINA, CLORIDRATO 100 MG  COMPRIMIDO ELENCO ESTADUAL ",BR0267638U0042,2021,COMPRIMIDO,87,87,1.520,4.290,1.520.50
"CLORPROMAZINA, CLORIDRATO 25 MG  COMPRIMIDO",BR0267635U0042,2021,COMPRIMIDO,55,55,1.087,3.240,1.087.80
"CLORPROMAZINA, CLORIDRATO 40 MG/ML SOLUÇÃO ORAL 20 ML",BR0340207U0086,2021,FRASCO,1,1,12.90,2,12.90
"COLAGENASE + CLORANFENICOL 0,6 UI + 10 MG/G POMADA 30 G",BR0270495-1,2021,BISNAGA,9,9,152.16,12,152.16
"COLCHICINA 0,5 MG  COMPRIMIDO",BR0267642,2021,COMPRIMIDO,13,14,560.89,735,560.89
"DEXAMETASONA  0,1 % CREME  10 G",BR0267643U0015,2021,BISNAGA,111,111,348.84,155,348.84
"DEXAMETASONA  0,1 MG/ML ELIXIR 100 ML",BR0268243U0062,2021,FRASCO,69,69,238.51,95,238.51
DEXAMETASONA  4 MG COMPRIMIDO,BR0269388U0042,2021,COMPRIMIDO,43,43,112.41,482,112.41
"DEXCLORFENIRAMINA, MALEATO + BETAMETASONA, VALERATO 0,4 + 0,05 MG/ML XAROPE  120 ML",BR0272896,2021,FRASCO,69,69,476.67,113,476.67
"DEXCLORFENIRAMINA, MALEATO 0,4 MG/ML SOLUÇÃO ORAL 100 ML",BR0267646U0062,2021,FRASCO,278,278,676.20,373,676.20
"DEXCLORFENIRAMINA, MALEATO 0,4 MG/ML SOLUÇÃO ORAL 120 ML",BR0267646U0067,2021,FRASCO,83,83,920.00,115,920.00
"DEXCLORFENIRAMINA, MALEATO 0,4 MG/ML XAROPE  100 ML",BR0298454U0062,2021,FRASCO,1,1,1.35,1,1.35
"DEXCLORFENIRAMINA, MALEATO 2 MG COMPRIMIDO",BR0267645U0042,2021,COMPRIMIDO,56,56,110.94,1.064,110.94
DIAZEPAM 10 MG COMPRIMIDO ELENCO ESTADUAL,BR0267197U0042,2021,COMPRIMIDO,383,383,1.696,16.830,1.696.90
DIAZEPAM 5 MG COMPRIMIDO,BR0267195U0042,2021,COMPRIMIDO,73,73,254.00,3.060,254.00
DICLOFENACO POTÁSSICO 50 MG COMPRIMIDO,BR0270992U0042,2021,COMPRIMIDO,20,20,37.89,337,37.89
DICLOFENACO SÓDICO 50 MG COMPRIMIDO,BR0271000,2021,COMPRIMIDO,51,51,91.89,995,91.89
"DIGOXINA  0,25 MG COMPRIMIDO",BR0267647U0042,2021,COMPRIMIDO,113,113,720.10,3.420,720.10
DIPIRONA SÓDICA  500 MG COMPRIMIDO,BR0267203U0042,2021,COMPRIMIDO,1.230,1.230,6.948,23.987,6.948.75
DIPIRONA SÓDICA  500 MG/ML SOLUÇÃO ORAL 10 ML,BR0267205U0063,2021,FRASCO,207,207,726.20,483,726.20
DIPIRONA SÓDICA  500 MG/ML SOLUÇÃO ORAL 20 ML,BR0267205U0086,2021,FRASCO,105,105,254.79,171,254.79
DIVALPROATO DE SÓDIO 500 MG COMPRIMIDO,BR0272589,2021,COMPRIMIDO,1,1,195.60,60,195.60
DOMPERIDONA 10 MG COMPRIMIDO,BR0269962,2021,COMPRIMIDO,203,203,3.679,14.025,3.679.92
"DOXAZOSINA, MESILATO 2 MG COMPRIMIDO",BR0268493U0042,2021,COMPRIMIDO,47,47,382.85,1.670,382.85
"DOXAZOSINA, MESILATO 4 MG COMPRIMIDO",BR0268495U0042,2021,COMPRIMIDO,134,134,2.685,4.260,2.685.60
"DUTASTERIDA + TANSULOSINA 0,5 + 0,4 MG CÁPSULA ",BR0428705,2021,CAPSULA,2,2,273.00,60,273.00
"ENALAPRIL, MALEATO 20 MG COMPRIMIDO",BR0267652U0042,2021,COMPRIMIDO,194,194,1.094,10.590,1.094.22
"ENALAPRIL, MALEATO 5 MG COMPRIMIDO",BR0267650U0042,2021,COMPRIMIDO,60,60,1.098,3.690,1.098.45
"ESCITALOPRAM, OXALATO  10 mg COMPRIMIDO",BR0291770,2021,COMPRIMIDO,396,396,14.380,13.890,14.380.95
"ESCITALOPRAM, OXALATO  20 mg COMPRIMIDO",BR0291771,2021,COMPRIMIDO,213,213,17.403,7.920,17.403.20
"ESCOPOLAMINA, BUTILBROMETO + DIPIRONA SÓDICA 10 + 250 MG COMPRIMIDO",BR0270620,2021,COMPRIMIDO,131,131,1.457,2.377,1.457.61
"ESCOPOLAMINA, BUTILBROMETO + DIPIRONA SÓDICA 6,67 + 333,4 MG/ML SOLUÇÃO ORAL 20 ML",BR0270622,2021,FRASCO,111,111,1.211,151,1.211.06
"ESCOPOLAMINA, BUTILBROMETO 10 MG/ML SOLUÇÃO ORAL 20 ML",BR0267281-1,2021,FRASCO,17,17,441.35,35,441.35
ESPIRONOLACTONA  25 MG COMPRIMIDO,BR0267653U0042,2021,COMPRIMIDO,291,291,2.141,9.475,2.141.10
ESTRIOL 1 MG/G CREME VAGINAL  50 G,BR0267208U0029,2021,BISNAGA,83,83,1.539,86,1.539.20
ETORICOXIBE 90 MG COMPRIMIDO,BR0324415,2021,COMPRIMIDO,9,9,768.46,77,768.46
FENITOÍNA SÓDICA  100 MG COMPRIMIDO ELENCO ESTADUAL,BR0267657U0042,2021,COMPRIMIDO,106,106,4.491,8.040,4.491.00
FENOBARBITAL  100 MG COMPRIMIDO ELENCO ESTADUAL,BR0267660U0042,2021,COMPRIMIDO,346,346,2.988,19.167,2.988.46
FENOBARBITAL  40 MG/ML SOLUÇÃO ORAL 20 ML ELENCO ESTADUAL,BR0300723U0086,2021,FRASCO,50,50,1.297,164,1.297.15
"FENOTEROL, BROMIDRATO 5 MG/ML SOLUÇÃO PARA NEBULIZAÇÃO 20 ML ELENCO ESTADUAL ",BR0267256,2021,FRASCO,13,13,76.38,14,76.38
FINASTERIDA 5 MG COMPRIMIDO,BR0275963U0042,2021,COMPRIMIDO,67,67,2.820,2.010,2.820.00
FLUCONAZOL 150 MG CÁPSULA,BR0267662U0041,2021,CAPSULA,268,269,571.81,969,571.81
"FLUOXETINA, CLORIDRATO 20 MG CÁPSULA  ELENCO ESTADUAL ",BR0273009U0041,2021,CAPSULA,716,717,5.432,33.325,5.432.75
FUROSEMIDA 40 MG COMPRIMIDO,BR0267663U0042,2021,COMPRIMIDO,372,372,1.744,13.605,1.744.75
GABAPENTINA 300 MG CÁPSULA  ELENCO ESTADUAL,BR0268107,2021,CAPSULA,3,3,192.00,240,192.00
GLICLAZIDA 30 MG COMPRIMIDO DE LIBERAÇÃO PROLONGADA,BR0273116U0042,2021,COMPRIMIDO,37,37,951.47,1.711,951.47
GLICLAZIDA 60 MG COMPRIMIDO DE LIBERAÇÃO PROLONGADA,BR0417713U0042,2021,COMPRIMIDO,21,21,730.14,690,730.14
GLIMEPIRIDA  4 MG COMPRIMIDO,BR0273121,2021,COMPRIMIDO,38,38,1.805,1.650,1.805.50
HALOPERIDOL 1 MG COMPRIMIDO,BR0267670U0042,2021,COMPRIMIDO,7,7,36.50,250,36.50
HALOPERIDOL 2 MG/ML SOLUÇÃO ORAL 20 ML,BR0292195U0086,2021,FRASCO,32,32,277.34,74,277.34
HALOPERIDOL 5 MG COMPRIMIDO,BR0267669U0042,2021,COMPRIMIDO,92,92,1.009,4.650,1.009.50
HIDRÓXIDO DE ALUMÍNIO 60 MG/ML SOLUÇÃO ORAL 100 ML,BR0433257-1,2021,FRASCO,17,17,96.75,45,96.75
"HIDRÓXIDO DE ALUMÍNIO 61,5 MG/ML SUSPENSÃO ORAL  100 ML",BR0340783U0062,2021,FRASCO,41,41,241.50,105,241.50
"HIDROXIZINA, CLORIDRATO 2 MG/ML XAROPE  100 ML",BR0394263-1,2021,FRASCO,22,22,233.14,27,233.14
"HIDROXIZINA, CLORIDRATO 25 MG COMPRIMIDO",BR0273310,2021,COMPRIMIDO,15,15,81.00,450,81.00
IBUPROFENO  100 MG/ML SUSPENSÃO ORAL  20 ML,BR0332755-3,2021,FRASCO,19,19,217.47,33,217.47
IBUPROFENO  300 MG COMPRIMIDO,BR0267677U0042,2021,COMPRIMIDO,129,131,362.52,1.986,362.52
IBUPROFENO  50 MG/ML SUSPENSÃO ORAL  30 ML,BR0332754U0097,2021,FRASCO,164,164,221.95,176,221.95
IBUPROFENO  600 MG COMPRIMIDO,BR0267676U0042,2021,COMPRIMIDO,505,507,1.824,6.299,1.824.19
"IMIPRAMINA, CLORIDRATO 25 MG COMPRIMIDO ",BR0267292,2021,COMPRIMIDO,14,14,351.30,960,351.30
INSULINA DETEMIR 100 UI/ML COM SISTEMA DE APLICAÇÃO SOLUÇÃO INJETÁVEL 3 ML ELENCO ESTADUAL,BR0337472,2021,UM,1,1,317.25,3,317.25
INSULINA HUMANA NPH 100 UI/ML SOLUÇÃO INJETÁVEL 3 ML COM SISTEMA DE APLICAÇÃO,BR0442012U0137,2021,SELO DE SEGURANÇA,418,418,17.336,1.558,17.336.74
INSULINA HUMANA NPH 100 UI/ML SUSPENSÃO INJETÁVEL 10 ML ELENCO ESTADUAL,BR0271157U0063,2021,FRASCO-AMPOLA,167,167,2.764,267,2.764.53
INSULINA HUMANA NPH 100 UI/ML SUSPENSÃO INJETÁVEL 3 ML,BR0271157U0137,2021,CARPULE,53,53,2.359,209,2.359.61
INSULINA HUMANA REGULAR 100 UI/ML SOLUÇÃO INJETÁVEL 10 ML ELENCO ESTADUAL,BR0271154U0063,2021,FRASCO-AMPOLA,66,66,725.42,71,725.42
INSULINA HUMANA REGULAR 100 UI/ML SOLUÇÃO INJETÁVEL 3 ML,BR0271154U0137,2021,CARPULE,7,7,203.40,18,203.40
INSULINA HUMANA REGULAR 100 UI/ML SOLUÇÃO INJETÁVEL 3 ML COM SISTEMA DE APLICAÇÃO,BR0442011U0137,2021,UN,133,133,3.231,290,3.231.80
INSULINA LISPRO 100 UI/ML SOLUÇÃO INJETÁVEL 3 ML COM SISTEMA DE APLICAÇÃO ELENCO ESTADUAL,BR0405998,2021,UM,3,3,383.44,8,383.44
"IPRATRÓPIO, BROMETO  0,25 MG/ML SOLUÇÃO PARA INALAÇÃO 20 ML ELENCO ESTADUAL ",BR0268331U0086,2021,FRASCO,29,29,55.30,43,55.30
"ISOSSORBIDA, MONONITRATO 20 MG COMPRIMIDO",BR0273400U0042,2021,COMPRIMIDO,40,40,436.80,2.850,436.80
"IVABRADINA, CLORIDRATO 5 MG COMPRIMIDO",BR0400853,2021,COMPRIMIDO,10,10,947.70,358,947.70
IVERMECTINA 6 MG COMPRIMIDO,BR0273328U0042,2021,COMPRIMIDO,908,913,7.250,4.558,7.250.50
LACTULOSE 667 MG/ML SOLUÇÃO ORAL  120 ML,BR0305247-1,2021,FRASCO,108,108,1.661,233,1.661.00
LAMOTRIGINA 100 MG COMPRIMIDO ELENCO ESTADUAL,BR0272809,2021,COMPRIMIDO,9,9,1.384,510,1.384.48
LAMOTRIGINA 25 MG COMPRIMIDO,BR0295040,2021,COMPRIMIDO,5,5,443.10,510,443.10
LAMOTRIGINA 50 MG COMPRIMIDO,BR0324414,2021,COMPRIMIDO,1,1,45.576,30,"45.576,00"
LEVETIRACETAM 250 MG COMPRIMIDO ELENCO ESTADUAL,BR0285965,2021,COMPRIMIDO,2,2,648.90,180,648.90
LEVODOPA + BENSERAZIDA  200 + 50 MG COMPRIMIDO ELENCO ESTADUAL,BR0270126U0042,2021,COMPRIMIDO,3,3,963.60,330,963.60
LEVODOPA + CARBIDOPA  250 + 25 MG COMPRIMIDO ELENCO ESTADUAL,BR0270130U0042,2021,COMPRIMIDO,14,14,1.352,690,1.352.10
LEVOFLOXACINO 500 MG COMPRIMIDO ELENCO ESTADUAL,BR0305270U0042,2021,COMPRIMIDO,90,90,788.96,884,788.96
LEVOMEPROMAZINA 100 MG COMPRIMIDO,BR0268129,2021,COMPRIMIDO,31,31,2.112,2.640,2.112.00
LEVOMEPROMAZINA 25 MG COMPRIMIDO,BR0268128,2021,COMPRIMIDO,57,57,2.118,3.300,2.118.80
LEVOMEPROMAZINA 40 MG/ML SOLUÇÃO ORAL 20 ML,BR0268130U0086,2021,FRASCO,61,61,748.93,76,748.93
LEVOTIROXINA SÓDICA 100 MCG COMPRIMIDO ELENCO ESTADUAL,BR0268125U0042,2021,COMPRIMIDO,214,215,1.779,6.989,1.779.25
LEVOTIROXINA SÓDICA 200 MCG COMPRIMIDO,BR0276095,2021,COMPRIMIDO,3,3,64.80,90,64.80
LEVOTIROXINA SÓDICA 25 MCG COMPRIMIDO ELENCO ESTADUAL,BR0268124U0042,2021,COMPRIMIDO,168,168,1.029,5.070,1.029.50
LEVOTIROXINA SÓDICA 50 MCG COMPRIMIDO ELENCO ESTADUAL,BR0268123U0042,2021,COMPRIMIDO,221,222,2.857,6.820,2.857.70
"LIDOCAÍNA, CLORIDRATO 20 MG/G GEL 30 G",BR0269846U0023,2021,BISNAGA,12,12,556.30,131,556.30
LORATADINA 1 MG/ML XAROPE  100 ML,BR0273467U0062,2021,FRASCO,191,191,905.70,205,905.70
LORATADINA 10 MG COMPRIMIDO,BR0273466U0042,2021,COMPRIMIDO,158,159,325.18,1.802,325.18
LORAZEPAM 2 MG COMPRIMIDO,BR0273473,2021,COMPRIMIDO,15,15,261.30,770,261.30
MEBENDAZOL 20 MG/ML SUSPENSÃO ORAL  30 ML,BR0267694,2021,FRASCO,5,5,8.60,5,8.60
MELOXICAM 15 MG COMPRIMIDO,BR0273554,2021,COMPRIMIDO,30,30,48.02,347,48.02
"MELOXICAM 7,5 MG COMPRIMIDO",BR0273553,2021,COMPRIMIDO,32,32,73.70,335,73.70
METILDOPA  250 MG COMPRIMIDO,BR0267689U0042,2021,COMPRIMIDO,14,14,506.31,771,506.31
METILDOPA  500 MG COMPRIMIDO,BR0267688,2021,COMPRIMIDO,2,2,118.80,90,118.80
"METOCLOPRAMIDA, CLORIDRATO 10 MG COMPRIMIDO",BR0267312U0042,2021,COMPRIMIDO,25,25,58.80,490,58.80
"METOCLOPRAMIDA, CLORIDRATO 4 MG/ML SOLUÇÃO ORAL 10 ML",BR0267311U0063,2021,FRASCO,8,8,29.90,13,29.90
"METOPROLOL, SUCCINATO 100 MG COMPRIMIDO DE LIBERAÇÃO PROLONGADA",BR0276658U0042,2021,COMPRIMIDO,7,7,210.00,210,210.00
"METOPROLOL, SUCCINATO 25 MG COMPRIMIDO DE LIBERAÇÃO PROLONGADA",BR0276656U0042,2021,COMPRIMIDO,28,28,974.70,1.410,974.70
"METOPROLOL, SUCCINATO 50 MG COMPRIMIDO DE LIBERAÇÃO PROLONGADA",BR0276657U0042,2021,COMPRIMIDO,22,22,1.086,870,1.086.05
"METOPROLOL, TARTARATO 100 MG COMPRIMIDO",BR0394650U0042,2021,COMPRIMIDO,5,5,97.50,150,97.50
METRONIDAZOL 100 MG/G CREME VAGINAL  50 G,BR0345300,2021,BISNAGA,183,183,1.002,192,1.002.24
METRONIDAZOL 250 MG COMPRIMIDO,BR0267717U0042,2021,COMPRIMIDO,122,122,677.93,3.302,677.93
"MICONAZOL, NITRATO 2 % CREME VAGINAL  80 G",BR0268162U0031,2021,BISNAGA,139,139,1.793,140,1.793.00
NEOMICINA + BACITRACINA 5 + 250 MG + UI/G POMADA 10 G,BR0273167-1,2021,BISNAGA,173,173,860.66,281,860.66
NIFEDIPINO 10 MG COMPRIMIDO,BR0267728U0042,2021,COMPRIMIDO,56,56,1.841,3.990,1.841.20
NIFEDIPINO 20 MG COMPRIMIDO DE LIBERAÇÃO PROLONGADA,BR0267731-1,2021,COMPRIMIDO,35,35,441.67,2.220,441.67
NIFEDIPINO 20 MG COMPRIMIDO ELENCO ESTADUAL,BR0267729,2021,COMPRIMIDO,68,68,830.90,3.510,830.90
NIMESULIDA 100 MG COMPRIMIDO,BR0273710,2021,COMPRIMIDO,989,990,1.557,12.668,1.557.04
NIMESULIDA 50 MG/ML SOLUÇÃO ORAL 15 ML,BR0273711,2021,FRASCO,17,17,76.00,18,76.00
NISTATINA + ÓXIDO DE ZINCO 100.000 + 200 UI + MG/G CREME  60 G,BR0279297-2,2021,BISNAGA,174,177,3.309,250,3.309.55
NISTATINA 100.000 UI/ML SUSPENSÃO ORAL  50  ML,BR0267378U0105,2021,FRASCO,10,10,158.60,26,158.60
NISTATINA 25.000 UI/G CREME VAGINAL  50 G,BR0266788-1,2021,BISNAGA,23,23,105.60,24,105.60
NISTATINA 25.000 UI/G CREME VAGINAL  60 G,BR0266788-2,2021,BISNAGA,279,279,1.871,333,1.871.64
NITRENDIPINO 20 MG COMPRIMIDO,BR0275117,2021,COMPRIMIDO,3,3,162.30,90,162.30
NORFLOXACINO 400 MG COMPRIMIDO,BR0268851,2021,COMPRIMIDO,85,85,1.237,1.118,1.237.79
"NORTRIPTILINA, CLORIDRATO 25 MG CÁPSULA ",BR0271606U0041,2021,CAPSULA,108,109,3.479,4.920,3.479.90
ÓLEO MINERAL (PETROLATO) SOLUÇÃO ORAL 100 ML,BR0233632U0062,2021,FRASCO,35,35,223.69,78,223.69
OMEPRAZOL 20 MG CÁPSULA  ELENCO ESTADUAL,BR0267712U0041,2021,CAPSULA,1.117,1.119,5.056,40.232,5.056.52
OMEPRAZOL 40 MG CÁPSULA,BR0267713U0041,2021,CAPSULA,165,165,4.289,4.963,4.289.76
OMEPRAZOL 40 MG COMPRIMIDO,BR0267713,2021,COMPRIMIDO,14,14,126.00,360,126.00
"ONDANSETRONA, CLORIDRATO 4 MG COMPRIMIDO",BR0268506U0042,2021,COMPRIMIDO,39,39,1.388,634,1.388.50
OXCARBAZEPINA 300 MG COMPRIMIDO ELENCO ESTADUAL,BR0273257,2021,COMPRIMIDO,92,92,5.378,7.470,5.378.40
PANTOPRAZOL 40 MG COMPRIMIDO,BR0267892,2021,COMPRIMIDO,85,86,2.580,2.695,2.580.54
PANTOPRAZOL MAGNÉSIO 40 MG CAP,BR0432783,2021,CAPSULA,3,3,167.70,90,167.70
PARACETAMOL  200 MG/ML SOLUÇÃO ORAL 10 ML,BR0267777U0063,2021,FRASCO,91,91,249.45,191,249.45
PARACETAMOL  200 MG/ML SOLUÇÃO ORAL 15 ML,BR0267777U0075,2021,FRASCO,12,12,21.42,19,21.42
PARACETAMOL  500 MG COMPRIMIDO,BR0267778U0042,2021,COMPRIMIDO,98,98,235.49,1.854,235.49
PARACETAMOL  750 MG COMPRIMIDO,BR0267779,2021,COMPRIMIDO,168,169,319.08,2.659,319.08
"PARACETAMOL + CODEÍNA, FOSFATO 500 MG + 30 MG COMPRIMIDO ELENCO ESTADUAL ",BR0270907,2021,COMPRIMIDO,229,229,6.085,7.447,6.085.60
"PAROXETINA, CLORIDRATO 20 MG COMPRIMIDO",BR0273940,2021,COMPRIMIDO,264,265,3.854,10.650,3.854.18
PERICIAZINA 10 MG/ML SOLUÇÃO ORAL 20 ML,BR0300988,2021,FRASCO,8,8,136.93,11,136.93
PERICIAZINA 4 % SOLUÇÃO ORAL 20 ML,BR0300989,2021,FRASCO,6,6,165.01,7,165.01
PERMETRINA 10 MG/ML LOÇÃO 60 ML,BR0267773U0110,2021,FRASCO,1,1,45.633,4,"45.633,00"
PERMETRINA 50 MG/ML LOÇÃO 60 ML,BR0363597U0110,2021,FRASCO,75,75,389.34,126,389.34
"PIOGLITAZONA, CLORIDRATO 30 MG COMPRIMIDO ELENCO ESTADUAL ",BR0305492,2021,COMPRIMIDO,1,1,81.00,30,81.00
PREDNISOLONA 3 MG/ML SOLUÇÃO ORAL 60 ML,BR0268150U0110,2021,FRASCO,83,83,348.96,90,348.96
PREDNISONA  20 MG COMPRIMIDO ELENCO ESTADUAL,BR0267743U0042,2021,COMPRIMIDO,492,495,1.860,5.312,1.860.24
PREDNISONA  5 MG COMPRIMIDO ELENCO ESTADUAL,BR0267741U0042,2021,COMPRIMIDO,106,107,307.29,2.711,307.29
"PROMETAZINA, CLORIDRATO 25 MG COMPRIMIDO",BR0267768U0042,2021,COMPRIMIDO,43,43,288.15,1.921,288.15
"QUETIAPINA, HEMIFUMARATO 25 MG COMPRIMIDO",BR0272831-1,2021,COMPRIMIDO,22,22,1.060,960,1.060.80
RISPERIDONA 1 MG COMPRIMIDO ELENCO ESTADUAL,BR0272839,2021,COMPRIMIDO,183,183,2.102,7.490,2.102.78
RISPERIDONA 1 MG/ML SOLUÇÃO ORAL  30 ML,BR0284106,2021,FRASCO,25,25,896.80,38,896.80
RISPERIDONA 2 MG COMPRIMIDO ELENCO ESTADUAL,BR0268149,2021,COMPRIMIDO,337,337,3.587,17.160,3.587.53
RISPERIDONA 3 MG COMPRIMIDO ELENCO ESTADUAL,BR0284105,2021,COMPRIMIDO,70,70,793.80,3.780,793.80
RIVAROXABANA 10 MG COMPRIMIDO,BR0394103,2021,COMPRIMIDO,3,3,1.602,150,1.602.90
RIVAROXABANA 15 MG COMPRIMIDO ELENCO ESTADUAL,BR0412092,2021,COMPRIMIDO,1,1,420.00,28,420.00
RIVAROXABANA 20 MG COMPRIMIDO ELENCO ESTADUAL,BR0412091,2021,COMPRIMIDO,6,6,1.747,168,1.747.80
ROSUVASTATINA CÁLCICA 10 MG COMPRIMIDO,BR0282881,2021,COMPRIMIDO,19,20,348.84,780,348.84
"SAIS PARA REIDRATAÇÃO ORAL (NaCl 3,5G + Glicose 20G + Citrato Na 2,9G + KCl 1,5G)                                 27,9 G PÓ PARA SOLUÇÃO",BR0268390U0052,2021,ENVELOPE,42,42,92.38,179,92.38
"SALBUTAMOL, SULFATO 0,4 MG/ML XAROPE  100 ML ",BR0292331-1,2021,FRASCO,8,8,15.00,12,15.00
SECNIDAZOL 1.000 MG COMPRIMIDO,BR0268299,2021,COMPRIMIDO,162,162,325.26,664,325.26
"SERTRALINA, CLORIDRATO 50 MG COMPRIMIDO ELENCO ESTADUAL ",BR0272365,2021,COMPRIMIDO,378,378,2.949,14.465,2.949.50
SIMETICONA 75 MG/ML SOLUÇÃO ORAL 15 ML,BR0412965,2021,FRASCO,66,66,417.30,107,417.30
SIMETICONA 75 MG/ML SUSPENSÃO ORAL  10 ML,BR0412965-1,2021,FRASCO,185,186,854.64,432,854.64
SULFADIAZINA DE PRATA 1% CREME  30 G,BR0272089U0023,2021,BISNAGA,25,25,387.83,91,387.83
SULFADIAZINA DE PRATA 1% CREME  50 G,BR0272089U0029,2021,BISNAGA,11,11,237.12,24,237.12
SULFAMETOXAZOL + TRIMETOPRIMA  40 + 8 MG/ML SUSPENSÃO ORAL  50 ML,BR0308884U0105,2021,FRASCO,36,36,105.79,71,105.79
SULFAMETOXAZOL + TRIMETOPRIMA  400 + 80 MG COMPRIMIDO ELENCO ESTADUAL,BR0308882U0042,2021,COMPRIMIDO,26,26,60.60,505,60.60
SULFAMETOXAZOL + TRIMETOPRIMA  800 + 160 MG COMPRIMIDO,BR0308883,2021,COMPRIMIDO,29,29,202.10,470,202.10
SULFATO FERROSO (25MG/ML DE FERRO ELEMENTAR) 125 MG/ML SOLUÇÃO ORAL 30 ML ELENCO ESTADUAL,BR0292345U0097,2021,FRASCO,108,108,179.40,138,179.40
SULFATO FERROSO (40MG DE FERRO ELEMENTAR) COMPRIMIDO ELENCO ESTADUAL,BR0292344U0042,2021,COMPRIMIDO,503,504,1.802,20.042,1.802.22
TENOXICAM 20 MG COMPRIMIDO,BR0268531,2021,COMPRIMIDO,102,102,711.36,1.824,711.36
TESTOSTERONA 10 MG/G GEL 5 G,BR0437087,2021,ENVELOPE,2,2,386.70,45,386.70
TIABENDAZOL 50 MG/G POMADA 30 G,BR0267418 -2,2021,BISNAGA,9,9,88.00,10,88.00
"TIAMINA, CLORIDRATO 300 MG COMPRIMIDO",BR0272341U0042,2021,COMPRIMIDO,6,6,117.00,450,117.00
TOPIRAMATO 25 MG COMPRIMIDO ELENCO ESTADUAL,BR0272849,2021,COMPRIMIDO,107,107,2.154,4.440,2.154.75
TOPIRAMATO 50 MG COMPRIMIDO ELENCO ESTADUAL,BR0272850,2021,COMPRIMIDO,78,79,1.080,4.665,1.080.96
"TRAMADOL, CLORIDRATO 50 MG CÁPSULA ",BR0268534-1,2021,CAPSULA,77,77,5.312,2.990,5.312.05
"TRAMADOL, CLORIDRATO 50 MG COMPRIMIDO",BR0268534-2,2021,COMPRIMIDO,51,51,1.000,2.000,1.000.00
"TRAZODONA, CLORIDRATO 50 MG COMPRIMIDO ",BR0276948,2021,COMPRIMIDO,48,48,2.736,2.280,2.736.24
TRIMETAZIDINA 35 MG COMPRIMIDO,BR0382197,2021,COMPRIMIDO,1,1,151.90,60,151.90
"VENLAFAXINA, CLORIDRATO 75 MG CÁPSULA DE LIBERAÇÃO CONTROLADA ",BR0272379,2021,CAPSULA,12,12,824.10,750,824.10
"VITAMINAS DO COMPLEXO B (B1,B2,B3,B5,B6)  SOLUÇÃO ORAL 100  ML",BR0368499,2021,FRASCO,6,6,34.40,8,34.40
"VITAMINAS DO COMPLEXO B (B1,B2,B3,B5,B6) SOLUÇÃO ORAL  30 ML ",BR0368499-2,2021,FRASCO,44,44,308.39,55,308.39
"VITAMINAS DO COMPLEXO B, B1, B2, B3, B5, B6, B12 COMPRIMIDO",BR0437109,2021,COMPRIMIDO,404,406,1.041,16.040,1.041.52